nmtkp,tgldtgsjp,tglsep,jumlahsep,harilibur,autoarima_jumlahsep,simplefeedforward_jumlahsep,deepar_jumlahsep,transformer_jumlahsep,mqcnn_jumlahsep,row_origin,training_session
RITL,2022-01-01,2022-01-01T00:00:00.000000Z,23441,1,,,,,,train,2024-10-24T04:14:51.465237Z
RITL,2022-01-02,2022-01-02T00:00:00.000000Z,25923,0,,,,,,train,2024-10-24T04:14:51.465237Z
RITL,2022-01-03,2022-01-03T00:00:00.000000Z,41267,0,,,,,,train,2024-10-24T04:14:51.465237Z
RITL,2022-01-04,2022-01-04T00:00:00.000000Z,40035,0,,,,,,train,2024-10-24T04:14:51.465237Z
RITL,2022-01-05,2022-01-05T00:00:00.000000Z,39860,0,,,,,,train,2024-10-24T04:14:51.465237Z
RITL,2022-01-06,2022-01-06T00:00:00.000000Z,37842,0,,,,,,train,2024-10-24T04:14:51.465237Z
RITL,2022-01-07,2022-01-07T00:00:00.000000Z,34717,0,,,,,,train,2024-10-24T04:14:51.465237Z
RITL,2022-01-08,2022-01-08T00:00:00.000000Z,28782,0,,,,,,train,2024-10-24T04:14:51.465237Z
RITL,2022-01-09,2022-01-09T00:00:00.000000Z,26077,0,,,,,,train,2024-10-24T04:14:51.465237Z
RITL,2022-01-10,2022-01-10T00:00:00.000000Z,42009,0,,,,,,train,2024-10-24T04:14:51.465237Z
RITL,2022-01-11,2022-01-11T00:00:00.000000Z,39659,0,,,,,,train,2024-10-24T04:14:51.465237Z
RITL,2022-01-12,2022-01-12T00:00:00.000000Z,38870,0,,,,,,train,2024-10-24T04:14:51.465237Z
RITL,2022-01-13,2022-01-13T00:00:00.000000Z,37141,0,,,,,,train,2024-10-24T04:14:51.465237Z
RITL,2022-01-14,2022-01-14T00:00:00.000000Z,34276,0,,,,,,train,2024-10-24T04:14:51.465237Z
RITL,2022-01-15,2022-01-15T00:00:00.000000Z,28621,0,,,,,,train,2024-10-24T04:14:51.465237Z
RITL,2022-01-16,2022-01-16T00:00:00.000000Z,26628,0,,,,,,train,2024-10-24T04:14:51.465237Z
RITL,2022-01-17,2022-01-17T00:00:00.000000Z,42022,0,,,,,,train,2024-10-24T04:14:51.465237Z
RITL,2022-01-18,2022-01-18T00:00:00.000000Z,38375,0,,,,,,train,2024-10-24T04:14:51.465237Z
RITL,2022-01-19,2022-01-19T00:00:00.000000Z,38008,0,,,,,,train,2024-10-24T04:14:51.465237Z
RITL,2022-01-20,2022-01-20T00:00:00.000000Z,36527,0,,,,,,train,2024-10-24T04:14:51.465237Z
RITL,2022-01-21,2022-01-21T00:00:00.000000Z,34378,0,,,,,,train,2024-10-24T04:14:51.465237Z
RITL,2022-01-22,2022-01-22T00:00:00.000000Z,28699,0,,,,,,train,2024-10-24T04:14:51.465237Z
RITL,2022-01-23,2022-01-23T00:00:00.000000Z,26854,0,,,,,,train,2024-10-24T04:14:51.465237Z
RITL,2022-01-24,2022-01-24T00:00:00.000000Z,41715,0,,,,,,train,2024-10-24T04:14:51.465237Z
RITL,2022-01-25,2022-01-25T00:00:00.000000Z,39354,0,,,,,,train,2024-10-24T04:14:51.465237Z
RITL,2022-01-26,2022-01-26T00:00:00.000000Z,38686,0,,,,,,train,2024-10-24T04:14:51.465237Z
RITL,2022-01-27,2022-01-27T00:00:00.000000Z,36700,0,,,,,,train,2024-10-24T04:14:51.465237Z
RITL,2022-01-28,2022-01-28T00:00:00.000000Z,33538,0,,,,,,train,2024-10-24T04:14:51.465237Z
RITL,2022-01-29,2022-01-29T00:00:00.000000Z,27405,0,,,,,,train,2024-10-24T04:14:51.465237Z
RITL,2022-01-30,2022-01-30T00:00:00.000000Z,24964,0,,,,,,train,2024-10-24T04:14:51.465237Z
RITL,2022-01-31,2022-01-31T00:00:00.000000Z,34978,0,,,,,,train,2024-10-24T04:14:51.465237Z
RITL,2022-02-01,2022-02-01T00:00:00.000000Z,28180,1,,,,,,train,2024-10-24T04:14:51.465237Z
RITL,2022-02-02,2022-02-02T00:00:00.000000Z,41680,0,,,,,,train,2024-10-24T04:14:51.465237Z
RITL,2022-02-03,2022-02-03T00:00:00.000000Z,35957,0,,,,,,train,2024-10-24T04:14:51.465237Z
RITL,2022-02-04,2022-02-04T00:00:00.000000Z,32334,0,,,,,,train,2024-10-24T04:14:51.465237Z
RITL,2022-02-05,2022-02-05T00:00:00.000000Z,26191,0,,,,,,train,2024-10-24T04:14:51.465237Z
RITL,2022-02-06,2022-02-06T00:00:00.000000Z,23855,0,,,,,,train,2024-10-24T04:14:51.465237Z
RITL,2022-02-07,2022-02-07T00:00:00.000000Z,37380,0,,,,,,train,2024-10-24T04:14:51.465237Z
RITL,2022-02-08,2022-02-08T00:00:00.000000Z,34760,0,,,,,,train,2024-10-24T04:14:51.465237Z
RITL,2022-02-09,2022-02-09T00:00:00.000000Z,32913,0,,,,,,train,2024-10-24T04:14:51.465237Z
RITL,2022-02-10,2022-02-10T00:00:00.000000Z,31913,0,,,,,,train,2024-10-24T04:14:51.465237Z
RITL,2022-02-11,2022-02-11T00:00:00.000000Z,28935,0,,,,,,train,2024-10-24T04:14:51.465237Z
RITL,2022-02-12,2022-02-12T00:00:00.000000Z,23571,0,,,,,,train,2024-10-24T04:14:51.465237Z
RITL,2022-02-13,2022-02-13T00:00:00.000000Z,21274,0,,,,,,train,2024-10-24T04:14:51.465237Z
RITL,2022-02-14,2022-02-14T00:00:00.000000Z,32889,0,,,,,,train,2024-10-24T04:14:51.465237Z
RITL,2022-02-15,2022-02-15T00:00:00.000000Z,30703,0,,,,,,train,2024-10-24T04:14:51.465237Z
RITL,2022-02-16,2022-02-16T00:00:00.000000Z,29763,0,,,,,,train,2024-10-24T04:14:51.465237Z
RITL,2022-02-17,2022-02-17T00:00:00.000000Z,28197,0,,,,,,train,2024-10-24T04:14:51.465237Z
RITL,2022-02-18,2022-02-18T00:00:00.000000Z,25680,0,,,,,,train,2024-10-24T04:14:51.465237Z
RITL,2022-02-19,2022-02-19T00:00:00.000000Z,20904,0,,,,,,train,2024-10-24T04:14:51.465237Z
RITL,2022-02-20,2022-02-20T00:00:00.000000Z,19229,0,,,,,,train,2024-10-24T04:14:51.465237Z
RITL,2022-02-21,2022-02-21T00:00:00.000000Z,30447,0,,,,,,train,2024-10-24T04:14:51.465237Z
RITL,2022-02-22,2022-02-22T00:00:00.000000Z,29702,0,,,,,,train,2024-10-24T04:14:51.465237Z
RITL,2022-02-23,2022-02-23T00:00:00.000000Z,27554,0,,,,,,train,2024-10-24T04:14:51.465237Z
RITL,2022-02-24,2022-02-24T00:00:00.000000Z,26096,0,,,,,,train,2024-10-24T04:14:51.465237Z
RITL,2022-02-25,2022-02-25T00:00:00.000000Z,24456,0,,,,,,train,2024-10-24T04:14:51.465237Z
RITL,2022-02-26,2022-02-26T00:00:00.000000Z,19666,0,,,,,,train,2024-10-24T04:14:51.465237Z
RITL,2022-02-27,2022-02-27T00:00:00.000000Z,16105,0,,,,,,train,2024-10-24T04:14:51.465237Z
RITL,2022-02-28,2022-02-28T00:00:00.000000Z,19787,1,,,,,,train,2024-10-24T04:14:51.465237Z
RITL,2022-03-01,2022-03-01T00:00:00.000000Z,30190,0,,,,,,train,2024-10-24T04:14:51.465237Z
RITL,2022-03-02,2022-03-02T00:00:00.000000Z,27673,0,,,,,,train,2024-10-24T04:14:51.465237Z
RITL,2022-03-03,2022-03-03T00:00:00.000000Z,21187,1,,,,,,train,2024-10-24T04:14:51.465237Z
RITL,2022-03-04,2022-03-04T00:00:00.000000Z,28068,0,,,,,,train,2024-10-24T04:14:51.465237Z
RITL,2022-03-05,2022-03-05T00:00:00.000000Z,21940,0,,,,,,train,2024-10-24T04:14:51.465237Z
RITL,2022-03-06,2022-03-06T00:00:00.000000Z,20058,0,,,,,,train,2024-10-24T04:14:51.465237Z
RITL,2022-03-07,2022-03-07T00:00:00.000000Z,32332,0,,,,,,train,2024-10-24T04:14:51.465237Z
RITL,2022-03-08,2022-03-08T00:00:00.000000Z,31722,0,,,,,,train,2024-10-24T04:14:51.465237Z
RITL,2022-03-09,2022-03-09T00:00:00.000000Z,31887,0,,,,,,train,2024-10-24T04:14:51.465237Z
RITL,2022-03-10,2022-03-10T00:00:00.000000Z,30125,0,,,,,,train,2024-10-24T04:14:51.465237Z
RITL,2022-03-11,2022-03-11T00:00:00.000000Z,28377,0,,,,,,train,2024-10-24T04:14:51.465237Z
RITL,2022-03-12,2022-03-12T00:00:00.000000Z,23056,0,,,,,,train,2024-10-24T04:14:51.465237Z
RITL,2022-03-13,2022-03-13T00:00:00.000000Z,20941,0,,,,,,train,2024-10-24T04:14:51.465237Z
RITL,2022-03-14,2022-03-14T00:00:00.000000Z,34670,0,,,,,,train,2024-10-24T04:14:51.465237Z
RITL,2022-03-15,2022-03-15T00:00:00.000000Z,32791,0,,,,,,train,2024-10-24T04:14:51.465237Z
RITL,2022-03-16,2022-03-16T00:00:00.000000Z,32702,0,,,,,,train,2024-10-24T04:14:51.465237Z
RITL,2022-03-17,2022-03-17T00:00:00.000000Z,30847,0,,,,,,train,2024-10-24T04:14:51.465237Z
RITL,2022-03-18,2022-03-18T00:00:00.000000Z,28608,0,,,,,,train,2024-10-24T04:14:51.465237Z
RITL,2022-03-19,2022-03-19T00:00:00.000000Z,23387,0,,,,,,train,2024-10-24T04:14:51.465237Z
RITL,2022-03-20,2022-03-20T00:00:00.000000Z,21557,0,,,,,,train,2024-10-24T04:14:51.465237Z
RITL,2022-03-21,2022-03-21T00:00:00.000000Z,35784,0,,,,,,train,2024-10-24T04:14:51.465237Z
RITL,2022-03-22,2022-03-22T00:00:00.000000Z,34721,0,,,,,,train,2024-10-24T04:14:51.465237Z
RITL,2022-03-23,2022-03-23T00:00:00.000000Z,33636,0,,,,,,train,2024-10-24T04:14:51.465237Z
RITL,2022-03-24,2022-03-24T00:00:00.000000Z,32441,0,,,,,,train,2024-10-24T04:14:51.465237Z
RITL,2022-03-25,2022-03-25T00:00:00.000000Z,29953,0,,,,,,train,2024-10-24T04:14:51.465237Z
RITL,2022-03-26,2022-03-26T00:00:00.000000Z,24045,0,,,,,,train,2024-10-24T04:14:51.465237Z
RITL,2022-03-27,2022-03-27T00:00:00.000000Z,22634,0,,,,,,train,2024-10-24T04:14:51.465237Z
RITL,2022-03-28,2022-03-28T00:00:00.000000Z,37196,0,,,,,,train,2024-10-24T04:14:51.465237Z
RITL,2022-03-29,2022-03-29T00:00:00.000000Z,35394,0,,,,,,train,2024-10-24T04:14:51.465237Z
RITL,2022-03-30,2022-03-30T00:00:00.000000Z,34013,0,,,,,,train,2024-10-24T04:14:51.465237Z
RITL,2022-03-31,2022-03-31T00:00:00.000000Z,31620,0,,,,,,train,2024-10-24T04:14:51.465237Z
RITL,2022-04-01,2022-04-01T00:00:00.000000Z,29574,0,,,,,,train,2024-10-24T04:14:51.465237Z
RITL,2022-04-02,2022-04-02T00:00:00.000000Z,24225,0,,,,,,train,2024-10-24T04:14:51.465237Z
RITL,2022-04-03,2022-04-03T00:00:00.000000Z,22478,0,,,,,,train,2024-10-24T04:14:51.465237Z
RITL,2022-04-04,2022-04-04T00:00:00.000000Z,37421,0,,,,,,train,2024-10-24T04:14:51.465237Z
RITL,2022-04-05,2022-04-05T00:00:00.000000Z,34946,0,,,,,,train,2024-10-24T04:14:51.465237Z
RITL,2022-04-06,2022-04-06T00:00:00.000000Z,35028,0,,,,,,train,2024-10-24T04:14:51.465237Z
RITL,2022-04-07,2022-04-07T00:00:00.000000Z,33543,0,,,,,,train,2024-10-24T04:14:51.465237Z
RITL,2022-04-08,2022-04-08T00:00:00.000000Z,31079,0,,,,,,train,2024-10-24T04:14:51.465237Z
RITL,2022-04-09,2022-04-09T00:00:00.000000Z,25889,0,,,,,,train,2024-10-24T04:14:51.465237Z
RITL,2022-04-10,2022-04-10T00:00:00.000000Z,23702,0,,,,,,train,2024-10-24T04:14:51.465237Z
RITL,2022-04-11,2022-04-11T00:00:00.000000Z,36798,0,,,,,,train,2024-10-24T04:14:51.465237Z
RITL,2022-04-12,2022-04-12T00:00:00.000000Z,35224,0,,,,,,train,2024-10-24T04:14:51.465237Z
RITL,2022-04-13,2022-04-13T00:00:00.000000Z,34210,0,,,,,,train,2024-10-24T04:14:51.465237Z
RITL,2022-04-14,2022-04-14T00:00:00.000000Z,31208,0,,,,,,train,2024-10-24T04:14:51.465237Z
RITL,2022-04-15,2022-04-15T00:00:00.000000Z,22998,1,,,,,,train,2024-10-24T04:14:51.465237Z
RITL,2022-04-16,2022-04-16T00:00:00.000000Z,26011,0,,,,,,train,2024-10-24T04:14:51.465237Z
RITL,2022-04-17,2022-04-17T00:00:00.000000Z,23649,0,,,,,,train,2024-10-24T04:14:51.465237Z
RITL,2022-04-18,2022-04-18T00:00:00.000000Z,37221,0,,,,,,train,2024-10-24T04:14:51.465237Z
RITL,2022-04-19,2022-04-19T00:00:00.000000Z,34456,0,,,,,,train,2024-10-24T04:14:51.465237Z
RITL,2022-04-20,2022-04-20T00:00:00.000000Z,34631,0,,,,,,train,2024-10-24T04:14:51.465237Z
RITL,2022-04-21,2022-04-21T00:00:00.000000Z,33576,0,,,,,,train,2024-10-24T04:14:51.465237Z
RITL,2022-04-22,2022-04-22T00:00:00.000000Z,31002,0,,,,,,train,2024-10-24T04:14:51.465237Z
RITL,2022-04-23,2022-04-23T00:00:00.000000Z,25417,0,,,,,,train,2024-10-24T04:14:51.465237Z
RITL,2022-04-24,2022-04-24T00:00:00.000000Z,23523,0,,,,,,train,2024-10-24T04:14:51.465237Z
RITL,2022-04-25,2022-04-25T00:00:00.000000Z,35754,0,,,,,,train,2024-10-24T04:14:51.465237Z
RITL,2022-04-26,2022-04-26T00:00:00.000000Z,34142,0,,,,,,train,2024-10-24T04:14:51.465237Z
RITL,2022-04-27,2022-04-27T00:00:00.000000Z,31932,0,,,,,,train,2024-10-24T04:14:51.465237Z
RITL,2022-04-28,2022-04-28T00:00:00.000000Z,29006,0,,,,,,train,2024-10-24T04:14:51.465237Z
RITL,2022-04-29,2022-04-29T00:00:00.000000Z,23912,1,,,,,,train,2024-10-24T04:14:51.465237Z
RITL,2022-04-30,2022-04-30T00:00:00.000000Z,19397,0,,,,,,train,2024-10-24T04:14:51.465237Z
RITL,2022-05-01,2022-05-01T00:00:00.000000Z,15447,1,,,,,,train,2024-10-24T04:14:51.465237Z
RITL,2022-05-02,2022-05-02T00:00:00.000000Z,19123,1,,,,,,train,2024-10-24T04:14:51.465237Z
RITL,2022-05-03,2022-05-03T00:00:00.000000Z,23987,1,,,,,,train,2024-10-24T04:14:51.465237Z
RITL,2022-05-04,2022-05-04T00:00:00.000000Z,28214,1,,,,,,train,2024-10-24T04:14:51.465237Z
RITL,2022-05-05,2022-05-05T00:00:00.000000Z,29818,1,,,,,,train,2024-10-24T04:14:51.465237Z
RITL,2022-05-06,2022-05-06T00:00:00.000000Z,29463,1,,,,,,train,2024-10-24T04:14:51.465237Z
RITL,2022-05-07,2022-05-07T00:00:00.000000Z,27149,0,,,,,,train,2024-10-24T04:14:51.465237Z
RITL,2022-05-08,2022-05-08T00:00:00.000000Z,26241,0,,,,,,train,2024-10-24T04:14:51.465237Z
RITL,2022-05-09,2022-05-09T00:00:00.000000Z,43203,0,,,,,,train,2024-10-24T04:14:51.465237Z
RITL,2022-05-10,2022-05-10T00:00:00.000000Z,43481,0,,,,,,train,2024-10-24T04:14:51.465237Z
RITL,2022-05-11,2022-05-11T00:00:00.000000Z,42814,0,,,,,,train,2024-10-24T04:14:51.465237Z
RITL,2022-05-12,2022-05-12T00:00:00.000000Z,41154,0,,,,,,train,2024-10-24T04:14:51.465237Z
RITL,2022-05-13,2022-05-13T00:00:00.000000Z,37514,0,,,,,,train,2024-10-24T04:14:51.465237Z
RITL,2022-05-14,2022-05-14T00:00:00.000000Z,29940,0,,,,,,train,2024-10-24T04:14:51.465237Z
RITL,2022-05-15,2022-05-15T00:00:00.000000Z,24665,0,,,,,,train,2024-10-24T04:14:51.465237Z
RITL,2022-05-16,2022-05-16T00:00:00.000000Z,30026,1,,,,,,train,2024-10-24T04:14:51.465237Z
RITL,2022-05-17,2022-05-17T00:00:00.000000Z,44684,0,,,,,,train,2024-10-24T04:14:51.465237Z
RITL,2022-05-18,2022-05-18T00:00:00.000000Z,42983,0,,,,,,train,2024-10-24T04:14:51.465237Z
RITL,2022-05-19,2022-05-19T00:00:00.000000Z,39993,0,,,,,,train,2024-10-24T04:14:51.465237Z
RITL,2022-05-20,2022-05-20T00:00:00.000000Z,37258,0,,,,,,train,2024-10-24T04:14:51.465237Z
RITL,2022-05-21,2022-05-21T00:00:00.000000Z,30097,0,,,,,,train,2024-10-24T04:14:51.465237Z
RITL,2022-05-22,2022-05-22T00:00:00.000000Z,28478,0,,,,,,train,2024-10-24T04:14:51.465237Z
RITL,2022-05-23,2022-05-23T00:00:00.000000Z,43851,0,,,,,,train,2024-10-24T04:14:51.465237Z
RITL,2022-05-24,2022-05-24T00:00:00.000000Z,41972,0,,,,,,train,2024-10-24T04:14:51.465237Z
RITL,2022-05-25,2022-05-25T00:00:00.000000Z,36481,0,,,,,,train,2024-10-24T04:14:51.465237Z
RITL,2022-05-26,2022-05-26T00:00:00.000000Z,27979,1,,,,,,train,2024-10-24T04:14:51.465237Z
RITL,2022-05-27,2022-05-27T00:00:00.000000Z,37228,0,,,,,,train,2024-10-24T04:14:51.465237Z
RITL,2022-05-28,2022-05-28T00:00:00.000000Z,29979,0,,,,,,train,2024-10-24T04:14:51.465237Z
RITL,2022-05-29,2022-05-29T00:00:00.000000Z,28103,0,,,,,,train,2024-10-24T04:14:51.465237Z
RITL,2022-05-30,2022-05-30T00:00:00.000000Z,44114,0,,,,,,train,2024-10-24T04:14:51.465237Z
RITL,2022-05-31,2022-05-31T00:00:00.000000Z,38284,0,,,,,,train,2024-10-24T04:14:51.465237Z
RITL,2022-06-01,2022-06-01T00:00:00.000000Z,31221,1,,,,,,train,2024-10-24T04:14:51.465237Z
RITL,2022-06-02,2022-06-02T00:00:00.000000Z,41615,0,,,,,,train,2024-10-24T04:14:51.465237Z
RITL,2022-06-03,2022-06-03T00:00:00.000000Z,37905,0,,,,,,train,2024-10-24T04:14:51.465237Z
RITL,2022-06-04,2022-06-04T00:00:00.000000Z,30974,0,,,,,,train,2024-10-24T04:14:51.465237Z
RITL,2022-06-05,2022-06-05T00:00:00.000000Z,28739,0,,,,,,train,2024-10-24T04:14:51.465237Z
RITL,2022-06-06,2022-06-06T00:00:00.000000Z,44594,0,,,,,,train,2024-10-24T04:14:51.465237Z
RITL,2022-06-07,2022-06-07T00:00:00.000000Z,42185,0,,,,,,train,2024-10-24T04:14:51.465237Z
RITL,2022-06-08,2022-06-08T00:00:00.000000Z,40744,0,,,,,,train,2024-10-24T04:14:51.465237Z
RITL,2022-06-09,2022-06-09T00:00:00.000000Z,39138,0,,,,,,train,2024-10-24T04:14:51.465237Z
RITL,2022-06-10,2022-06-10T00:00:00.000000Z,37552,0,,,,,,train,2024-10-24T04:14:51.465237Z
RITL,2022-06-11,2022-06-11T00:00:00.000000Z,30601,0,,,,,,train,2024-10-24T04:14:51.465237Z
RITL,2022-06-12,2022-06-12T00:00:00.000000Z,28422,0,,,,,,train,2024-10-24T04:14:51.465237Z
RITL,2022-06-13,2022-06-13T00:00:00.000000Z,44153,0,,,,,,train,2024-10-24T04:14:51.465237Z
RITL,2022-06-14,2022-06-14T00:00:00.000000Z,41478,0,,,,,,train,2024-10-24T04:14:51.465237Z
RITL,2022-06-15,2022-06-15T00:00:00.000000Z,41262,0,,,,,,train,2024-10-24T04:14:51.465237Z
RITL,2022-06-16,2022-06-16T00:00:00.000000Z,38928,0,,,,,,train,2024-10-24T04:14:51.465237Z
RITL,2022-06-17,2022-06-17T00:00:00.000000Z,36276,0,,,,,,train,2024-10-24T04:14:51.465237Z
RITL,2022-06-18,2022-06-18T00:00:00.000000Z,29625,0,,,,,,train,2024-10-24T04:14:51.465237Z
RITL,2022-06-19,2022-06-19T00:00:00.000000Z,29095,0,,,,,,train,2024-10-24T04:14:51.465237Z
RITL,2022-06-20,2022-06-20T00:00:00.000000Z,44868,0,,,,,,train,2024-10-24T04:14:51.465237Z
RITL,2022-06-21,2022-06-21T00:00:00.000000Z,43017,0,,,,,,train,2024-10-24T04:14:51.465237Z
RITL,2022-06-22,2022-06-22T00:00:00.000000Z,42911,0,,,,,,train,2024-10-24T04:14:51.465237Z
RITL,2022-06-23,2022-06-23T00:00:00.000000Z,39345,0,,,,,,train,2024-10-24T04:14:51.465237Z
RITL,2022-06-24,2022-06-24T00:00:00.000000Z,36276,0,,,,,,train,2024-10-24T04:14:51.465237Z
RITL,2022-06-25,2022-06-25T00:00:00.000000Z,30737,0,,,,,,train,2024-10-24T04:14:51.465237Z
RITL,2022-06-26,2022-06-26T00:00:00.000000Z,29042,0,,,,,,train,2024-10-24T04:14:51.465237Z
RITL,2022-06-27,2022-06-27T00:00:00.000000Z,45016,0,,,,,,train,2024-10-24T04:14:51.465237Z
RITL,2022-06-28,2022-06-28T00:00:00.000000Z,42883,0,,,,,,train,2024-10-24T04:14:51.465237Z
RITL,2022-06-29,2022-06-29T00:00:00.000000Z,41551,0,,,,,,train,2024-10-24T04:14:51.465237Z
RITL,2022-06-30,2022-06-30T00:00:00.000000Z,40042,0,,,,,,train,2024-10-24T04:14:51.465237Z
RITL,2022-07-01,2022-07-01T00:00:00.000000Z,37190,0,,,,,,train,2024-10-24T04:14:51.465237Z
RITL,2022-07-02,2022-07-02T00:00:00.000000Z,30890,0,,,,,,train,2024-10-24T04:14:51.465237Z
RITL,2022-07-03,2022-07-03T00:00:00.000000Z,29417,0,,,,,,train,2024-10-24T04:14:51.465237Z
RITL,2022-07-04,2022-07-04T00:00:00.000000Z,45936,0,,,,,,train,2024-10-24T04:14:51.465237Z
RITL,2022-07-05,2022-07-05T00:00:00.000000Z,43716,0,,,,,,train,2024-10-24T04:14:51.465237Z
RITL,2022-07-06,2022-07-06T00:00:00.000000Z,42190,0,,,,,,train,2024-10-24T04:14:51.465237Z
RITL,2022-07-07,2022-07-07T00:00:00.000000Z,39860,0,,,,,,train,2024-10-24T04:14:51.465237Z
RITL,2022-07-08,2022-07-08T00:00:00.000000Z,32546,0,,,,,,train,2024-10-24T04:14:51.465237Z
RITL,2022-07-09,2022-07-09T00:00:00.000000Z,23475,1,,,,,,train,2024-10-24T04:14:51.465237Z
RITL,2022-07-10,2022-07-10T00:00:00.000000Z,27014,0,,,,,,train,2024-10-24T04:14:51.465237Z
RITL,2022-07-11,2022-07-11T00:00:00.000000Z,44468,0,,,,,,train,2024-10-24T04:14:51.465237Z
RITL,2022-07-12,2022-07-12T00:00:00.000000Z,42836,0,,,,,,train,2024-10-24T04:14:51.465237Z
RITL,2022-07-13,2022-07-13T00:00:00.000000Z,42031,0,,,,,,train,2024-10-24T04:14:51.465237Z
RITL,2022-07-14,2022-07-14T00:00:00.000000Z,39911,0,,,,,,train,2024-10-24T04:14:51.465237Z
RITL,2022-07-15,2022-07-15T00:00:00.000000Z,37525,0,,,,,,train,2024-10-24T04:14:51.465237Z
RITL,2022-07-16,2022-07-16T00:00:00.000000Z,29773,0,,,,,,train,2024-10-24T04:14:51.465237Z
RITL,2022-07-17,2022-07-17T00:00:00.000000Z,28705,0,,,,,,train,2024-10-24T04:14:51.465237Z
RITL,2022-07-18,2022-07-18T00:00:00.000000Z,44806,0,,,,,,train,2024-10-24T04:14:51.465237Z
RITL,2022-07-19,2022-07-19T00:00:00.000000Z,43187,0,,,,,,train,2024-10-24T04:14:51.465237Z
RITL,2022-07-20,2022-07-20T00:00:00.000000Z,42327,0,,,,,,train,2024-10-24T04:14:51.465237Z
RITL,2022-07-21,2022-07-21T00:00:00.000000Z,40235,0,,,,,,train,2024-10-24T04:14:51.465237Z
RITL,2022-07-22,2022-07-22T00:00:00.000000Z,37525,0,,,,,,train,2024-10-24T04:14:51.465237Z
RITL,2022-07-23,2022-07-23T00:00:00.000000Z,30499,0,,,,,,train,2024-10-24T04:14:51.465237Z
RITL,2022-07-24,2022-07-24T00:00:00.000000Z,29123,0,,,,,,train,2024-10-24T04:14:51.465237Z
RITL,2022-07-25,2022-07-25T00:00:00.000000Z,44517,0,,,,,,train,2024-10-24T04:14:51.465237Z
RITL,2022-07-26,2022-07-26T00:00:00.000000Z,42427,0,,,,,,train,2024-10-24T04:14:51.465237Z
RITL,2022-07-27,2022-07-27T00:00:00.000000Z,42877,0,,,,,,train,2024-10-24T04:14:51.465237Z
RITL,2022-07-28,2022-07-28T00:00:00.000000Z,40773,0,,,,,,train,2024-10-24T04:14:51.465237Z
RITL,2022-07-29,2022-07-29T00:00:00.000000Z,35998,0,,,,,,train,2024-10-24T04:14:51.465237Z
RITL,2022-07-30,2022-07-30T00:00:00.000000Z,27074,1,,,,,,train,2024-10-24T04:14:51.465237Z
RITL,2022-07-31,2022-07-31T00:00:00.000000Z,30150,0,,,,,,train,2024-10-24T04:14:51.465237Z
RITL,2022-08-01,2022-08-01T00:00:00.000000Z,46988,0,,,,,,train,2024-10-24T04:14:51.465237Z
RITL,2022-08-02,2022-08-02T00:00:00.000000Z,44827,0,,,,,,train,2024-10-24T04:14:51.465237Z
RITL,2022-08-03,2022-08-03T00:00:00.000000Z,43939,0,,,,,,train,2024-10-24T04:14:51.465237Z
RITL,2022-08-04,2022-08-04T00:00:00.000000Z,41600,0,,,,,,train,2024-10-24T04:14:51.465237Z
RITL,2022-08-05,2022-08-05T00:00:00.000000Z,38439,0,,,,,,train,2024-10-24T04:14:51.465237Z
RITL,2022-08-06,2022-08-06T00:00:00.000000Z,32008,0,,,,,,train,2024-10-24T04:14:51.465237Z
RITL,2022-08-07,2022-08-07T00:00:00.000000Z,31255,0,,,,,,train,2024-10-24T04:14:51.465237Z
RITL,2022-08-08,2022-08-08T00:00:00.000000Z,47853,0,,,,,,train,2024-10-24T04:14:51.465237Z
RITL,2022-08-09,2022-08-09T00:00:00.000000Z,44097,0,,,,,,train,2024-10-24T04:14:51.465237Z
RITL,2022-08-10,2022-08-10T00:00:00.000000Z,43453,0,,,,,,train,2024-10-24T04:14:51.465237Z
RITL,2022-08-11,2022-08-11T00:00:00.000000Z,42150,0,,,,,,train,2024-10-24T04:14:51.465237Z
RITL,2022-08-12,2022-08-12T00:00:00.000000Z,39116,0,,,,,,train,2024-10-24T04:14:51.465237Z
RITL,2022-08-13,2022-08-13T00:00:00.000000Z,31819,0,,,,,,train,2024-10-24T04:14:51.465237Z
RITL,2022-08-14,2022-08-14T00:00:00.000000Z,30822,0,,,,,,train,2024-10-24T04:14:51.465237Z
RITL,2022-08-15,2022-08-15T00:00:00.000000Z,46361,0,,,,,,train,2024-10-24T04:14:51.465237Z
RITL,2022-08-16,2022-08-16T00:00:00.000000Z,39978,0,,,,,,train,2024-10-24T04:14:51.465237Z
RITL,2022-08-17,2022-08-17T00:00:00.000000Z,33309,1,,,,,,train,2024-10-24T04:14:51.465237Z
RITL,2022-08-18,2022-08-18T00:00:00.000000Z,44633,0,,,,,,train,2024-10-24T04:14:51.465237Z
RITL,2022-08-19,2022-08-19T00:00:00.000000Z,40064,0,,,,,,train,2024-10-24T04:14:51.465237Z
RITL,2022-08-20,2022-08-20T00:00:00.000000Z,33056,0,,,,,,train,2024-10-24T04:14:51.465237Z
RITL,2022-08-21,2022-08-21T00:00:00.000000Z,31645,0,,,,,,train,2024-10-24T04:14:51.465237Z
RITL,2022-08-22,2022-08-22T00:00:00.000000Z,48859,0,,,,,,train,2024-10-24T04:14:51.465237Z
RITL,2022-08-23,2022-08-23T00:00:00.000000Z,45694,0,,,,,,train,2024-10-24T04:14:51.465237Z
RITL,2022-08-24,2022-08-24T00:00:00.000000Z,44399,0,,,,,,train,2024-10-24T04:14:51.465237Z
RITL,2022-08-25,2022-08-25T00:00:00.000000Z,42834,0,,,,,,train,2024-10-24T04:14:51.465237Z
RITL,2022-08-26,2022-08-26T00:00:00.000000Z,40314,0,,,,,,train,2024-10-24T04:14:51.465237Z
RITL,2022-08-27,2022-08-27T00:00:00.000000Z,32873,0,,,,,,train,2024-10-24T04:14:51.465237Z
RITL,2022-08-28,2022-08-28T00:00:00.000000Z,31852,0,,,,,,train,2024-10-24T04:14:51.465237Z
RITL,2022-08-29,2022-08-29T00:00:00.000000Z,47656,0,,,,,,train,2024-10-24T04:14:51.465237Z
RITL,2022-08-30,2022-08-30T00:00:00.000000Z,45063,0,,,,,,train,2024-10-24T04:14:51.465237Z
RITL,2022-08-31,2022-08-31T00:00:00.000000Z,44690,0,,,,,,train,2024-10-24T04:14:51.465237Z
RITL,2022-09-01,2022-09-01T00:00:00.000000Z,43905,0,,,,,,train,2024-10-24T04:14:51.465237Z
RITL,2022-09-02,2022-09-02T00:00:00.000000Z,41740,0,,,,,,train,2024-10-24T04:14:51.465237Z
RITL,2022-09-03,2022-09-03T00:00:00.000000Z,34343,0,,,,,,train,2024-10-24T04:14:51.465237Z
RITL,2022-09-04,2022-09-04T00:00:00.000000Z,32984,0,,,,,,train,2024-10-24T04:14:51.465237Z
RITL,2022-09-05,2022-09-05T00:00:00.000000Z,50583,0,,,,,,train,2024-10-24T04:14:51.465237Z
RITL,2022-09-06,2022-09-06T00:00:00.000000Z,47108,0,,,,,,train,2024-10-24T04:14:51.465237Z
RITL,2022-09-07,2022-09-07T00:00:00.000000Z,45998,0,,,,,,train,2024-10-24T04:14:51.465237Z
RITL,2022-09-08,2022-09-08T00:00:00.000000Z,44867,0,,,,,,train,2024-10-24T04:14:51.465237Z
RITL,2022-09-09,2022-09-09T00:00:00.000000Z,42421,0,,,,,,train,2024-10-24T04:14:51.465237Z
RITL,2022-09-10,2022-09-10T00:00:00.000000Z,34040,0,,,,,,train,2024-10-24T04:14:51.465237Z
RITL,2022-09-11,2022-09-11T00:00:00.000000Z,33177,0,,,,,,train,2024-10-24T04:14:51.465237Z
RITL,2022-09-12,2022-09-12T00:00:00.000000Z,50075,0,,,,,,train,2024-10-24T04:14:51.465237Z
RITL,2022-09-13,2022-09-13T00:00:00.000000Z,47404,0,,,,,,train,2024-10-24T04:14:51.465237Z
RITL,2022-09-14,2022-09-14T00:00:00.000000Z,46499,0,,,,,,train,2024-10-24T04:14:51.465237Z
RITL,2022-09-15,2022-09-15T00:00:00.000000Z,45692,0,,,,,,train,2024-10-24T04:14:51.465237Z
RITL,2022-09-16,2022-09-16T00:00:00.000000Z,42159,0,,,,,,train,2024-10-24T04:14:51.465237Z
RITL,2022-09-17,2022-09-17T00:00:00.000000Z,35843,0,,,,,,train,2024-10-24T04:14:51.465237Z
RITL,2022-09-18,2022-09-18T00:00:00.000000Z,34275,0,,,,,,train,2024-10-24T04:14:51.465237Z
RITL,2022-09-19,2022-09-19T00:00:00.000000Z,51658,0,,,,,,train,2024-10-24T04:14:51.465237Z
RITL,2022-09-20,2022-09-20T00:00:00.000000Z,48833,0,,,,,,train,2024-10-24T04:14:51.465237Z
RITL,2022-09-21,2022-09-21T00:00:00.000000Z,47558,0,,,,,,train,2024-10-24T04:14:51.465237Z
RITL,2022-09-22,2022-09-22T00:00:00.000000Z,46649,0,,,,,,train,2024-10-24T04:14:51.465237Z
RITL,2022-09-23,2022-09-23T00:00:00.000000Z,42632,0,,,,,,train,2024-10-24T04:14:51.465237Z
RITL,2022-09-24,2022-09-24T00:00:00.000000Z,36245,0,,,,,,train,2024-10-24T04:14:51.465237Z
RITL,2022-09-25,2022-09-25T00:00:00.000000Z,34940,0,,,,,,train,2024-10-24T04:14:51.465237Z
RITL,2022-09-26,2022-09-26T00:00:00.000000Z,51510,0,,,,,,train,2024-10-24T04:14:51.465237Z
RITL,2022-09-27,2022-09-27T00:00:00.000000Z,48567,0,,,,,,train,2024-10-24T04:14:51.465237Z
RITL,2022-09-28,2022-09-28T00:00:00.000000Z,47600,0,,,,,,train,2024-10-24T04:14:51.465237Z
RITL,2022-09-29,2022-09-29T00:00:00.000000Z,45370,0,,,,,,train,2024-10-24T04:14:51.465237Z
RITL,2022-09-30,2022-09-30T00:00:00.000000Z,42339,0,,,,,,train,2024-10-24T04:14:51.465237Z
RITL,2022-10-01,2022-10-01T00:00:00.000000Z,35994,0,,,,,,train,2024-10-24T04:14:51.465237Z
RITL,2022-10-02,2022-10-02T00:00:00.000000Z,33111,0,,,,,,train,2024-10-24T04:14:51.465237Z
RITL,2022-10-03,2022-10-03T00:00:00.000000Z,46329,0,,,,,,train,2024-10-24T04:14:51.465237Z
RITL,2022-10-04,2022-10-04T00:00:00.000000Z,47385,0,,,,,,train,2024-10-24T04:14:51.465237Z
RITL,2022-10-05,2022-10-05T00:00:00.000000Z,47912,0,,,,,,train,2024-10-24T04:14:51.465237Z
RITL,2022-10-06,2022-10-06T00:00:00.000000Z,45826,0,,,,,,train,2024-10-24T04:14:51.465237Z
RITL,2022-10-07,2022-10-07T00:00:00.000000Z,39959,0,,,,,,train,2024-10-24T04:14:51.465237Z
RITL,2022-10-08,2022-10-08T00:00:00.000000Z,30614,1,,,,,,train,2024-10-24T04:14:51.465237Z
RITL,2022-10-09,2022-10-09T00:00:00.000000Z,35212,0,,,,,,train,2024-10-24T04:14:51.465237Z
RITL,2022-10-10,2022-10-10T00:00:00.000000Z,52590,0,,,,,,train,2024-10-24T04:14:51.465237Z
RITL,2022-10-11,2022-10-11T00:00:00.000000Z,49486,0,,,,,,train,2024-10-24T04:14:51.465237Z
RITL,2022-10-12,2022-10-12T00:00:00.000000Z,48725,0,,,,,,train,2024-10-24T04:14:51.465237Z
RITL,2022-10-13,2022-10-13T00:00:00.000000Z,46479,0,,,,,,train,2024-10-24T04:14:51.465237Z
RITL,2022-10-14,2022-10-14T00:00:00.000000Z,42559,0,,,,,,train,2024-10-24T04:14:51.465237Z
RITL,2022-10-15,2022-10-15T00:00:00.000000Z,36539,0,,,,,,train,2024-10-24T04:14:51.465237Z
RITL,2022-10-16,2022-10-16T00:00:00.000000Z,35257,0,,,,,,train,2024-10-24T04:14:51.465237Z
RITL,2022-10-17,2022-10-17T00:00:00.000000Z,52161,0,,,,,,train,2024-10-24T04:14:51.465237Z
RITL,2022-10-18,2022-10-18T00:00:00.000000Z,49699,0,,,,,,train,2024-10-24T04:14:51.465237Z
RITL,2022-10-19,2022-10-19T00:00:00.000000Z,48702,0,,,,,,train,2024-10-24T04:14:51.465237Z
RITL,2022-10-20,2022-10-20T00:00:00.000000Z,47125,0,,,,,,train,2024-10-24T04:14:51.465237Z
RITL,2022-10-21,2022-10-21T00:00:00.000000Z,43836,0,,,,,,train,2024-10-24T04:14:51.465237Z
RITL,2022-10-22,2022-10-22T00:00:00.000000Z,37778,0,,,,,,train,2024-10-24T04:14:51.465237Z
RITL,2022-10-23,2022-10-23T00:00:00.000000Z,35895,0,,,,,,train,2024-10-24T04:14:51.465237Z
RITL,2022-10-24,2022-10-24T00:00:00.000000Z,51717,0,,,,,,train,2024-10-24T04:14:51.465237Z
RITL,2022-10-25,2022-10-25T00:00:00.000000Z,48337,0,,,,,,train,2024-10-24T04:14:51.465237Z
RITL,2022-10-26,2022-10-26T00:00:00.000000Z,47102,0,,,,,,train,2024-10-24T04:14:51.465237Z
RITL,2022-10-27,2022-10-27T00:00:00.000000Z,46214,0,,,,,,train,2024-10-24T04:14:51.465237Z
RITL,2022-10-28,2022-10-28T00:00:00.000000Z,43599,0,,,,,,train,2024-10-24T04:14:51.465237Z
RITL,2022-10-29,2022-10-29T00:00:00.000000Z,36590,0,,,,,,train,2024-10-24T04:14:51.465237Z
RITL,2022-10-30,2022-10-30T00:00:00.000000Z,34725,0,,,,,,train,2024-10-24T04:14:51.465237Z
RITL,2022-10-31,2022-10-31T00:00:00.000000Z,51105,0,,,,,,train,2024-10-24T04:14:51.465237Z
RITL,2022-11-01,2022-11-01T00:00:00.000000Z,49731,0,,,,,,train,2024-10-24T04:14:51.465237Z
RITL,2022-11-02,2022-11-02T00:00:00.000000Z,48322,0,,,,,,train,2024-10-24T04:14:51.465237Z
RITL,2022-11-03,2022-11-03T00:00:00.000000Z,47139,0,,,,,,train,2024-10-24T04:14:51.465237Z
RITL,2022-11-04,2022-11-04T00:00:00.000000Z,42290,0,,,,,,train,2024-10-24T04:14:51.465237Z
RITL,2022-11-05,2022-11-05T00:00:00.000000Z,35474,0,,,,,,train,2024-10-24T04:14:51.465237Z
RITL,2022-11-06,2022-11-06T00:00:00.000000Z,33962,0,,,,,,train,2024-10-24T04:14:51.465237Z
RITL,2022-11-07,2022-11-07T00:00:00.000000Z,49762,0,,,,,,train,2024-10-24T04:14:51.465237Z
RITL,2022-11-08,2022-11-08T00:00:00.000000Z,46742,0,,,,,,train,2024-10-24T04:14:51.465237Z
RITL,2022-11-09,2022-11-09T00:00:00.000000Z,46117,0,,,,,,train,2024-10-24T04:14:51.465237Z
RITL,2022-11-10,2022-11-10T00:00:00.000000Z,45123,0,,,,,,train,2024-10-24T04:14:51.465237Z
RITL,2022-11-11,2022-11-11T00:00:00.000000Z,42387,0,,,,,,train,2024-10-24T04:14:51.465237Z
RITL,2022-11-12,2022-11-12T00:00:00.000000Z,34367,0,,,,,,train,2024-10-24T04:14:51.465237Z
RITL,2022-11-13,2022-11-13T00:00:00.000000Z,32426,0,,,,,,train,2024-10-24T04:14:51.465237Z
RITL,2022-11-14,2022-11-14T00:00:00.000000Z,49583,0,,,,,,train,2024-10-24T04:14:51.465237Z
RITL,2022-11-15,2022-11-15T00:00:00.000000Z,46977,0,,,,,,train,2024-10-24T04:14:51.465237Z
RITL,2022-11-16,2022-11-16T00:00:00.000000Z,45851,0,,,,,,train,2024-10-24T04:14:51.465237Z
RITL,2022-11-17,2022-11-17T00:00:00.000000Z,43273,0,,,,,,train,2024-10-24T04:14:51.465237Z
RITL,2022-11-18,2022-11-18T00:00:00.000000Z,40654,0,,,,,,train,2024-10-24T04:14:51.465237Z
RITL,2022-11-19,2022-11-19T00:00:00.000000Z,33869,0,,,,,,train,2024-10-24T04:14:51.465237Z
RITL,2022-11-20,2022-11-20T00:00:00.000000Z,32913,0,,,,,,train,2024-10-24T04:14:51.465237Z
RITL,2022-11-21,2022-11-21T00:00:00.000000Z,50239,0,,,,,,train,2024-10-24T04:14:51.465237Z
RITL,2022-11-22,2022-11-22T00:00:00.000000Z,47523,0,,,,,,train,2024-10-24T04:14:51.465237Z
RITL,2022-11-23,2022-11-23T00:00:00.000000Z,44967,0,,,,,,train,2024-10-24T04:14:51.465237Z
RITL,2022-11-24,2022-11-24T00:00:00.000000Z,42943,0,,,,,,train,2024-10-24T04:14:51.465237Z
RITL,2022-11-25,2022-11-25T00:00:00.000000Z,40391,0,,,,,,train,2024-10-24T04:14:51.465237Z
RITL,2022-11-26,2022-11-26T00:00:00.000000Z,33287,0,,,,,,train,2024-10-24T04:14:51.465237Z
RITL,2022-11-27,2022-11-27T00:00:00.000000Z,32528,0,,,,,,train,2024-10-24T04:14:51.465237Z
RITL,2022-11-28,2022-11-28T00:00:00.000000Z,48864,0,,,,,,train,2024-10-24T04:14:51.465237Z
RITL,2022-11-29,2022-11-29T00:00:00.000000Z,45899,0,,,,,,train,2024-10-24T04:14:51.465237Z
RITL,2022-11-30,2022-11-30T00:00:00.000000Z,44980,0,,,,,,train,2024-10-24T04:14:51.465237Z
RITL,2022-12-01,2022-12-01T00:00:00.000000Z,44802,0,,,,,,train,2024-10-24T04:14:51.465237Z
RITL,2022-12-02,2022-12-02T00:00:00.000000Z,41866,0,,,,,,train,2024-10-24T04:14:51.465237Z
RITL,2022-12-03,2022-12-03T00:00:00.000000Z,33968,0,,,,,,train,2024-10-24T04:14:51.465237Z
RITL,2022-12-04,2022-12-04T00:00:00.000000Z,33181,0,,,,,,train,2024-10-24T04:14:51.465237Z
RITL,2022-12-05,2022-12-05T00:00:00.000000Z,48825,0,,,,,,train,2024-10-24T04:14:51.465237Z
RITL,2022-12-06,2022-12-06T00:00:00.000000Z,47091,0,,,,,,train,2024-10-24T04:14:51.465237Z
RITL,2022-12-07,2022-12-07T00:00:00.000000Z,46065,0,,,,,,train,2024-10-24T04:14:51.465237Z
RITL,2022-12-08,2022-12-08T00:00:00.000000Z,43497,0,,,,,,train,2024-10-24T04:14:51.465237Z
RITL,2022-12-09,2022-12-09T00:00:00.000000Z,40715,0,,,,,,train,2024-10-24T04:14:51.465237Z
RITL,2022-12-10,2022-12-10T00:00:00.000000Z,34224,0,,,,,,train,2024-10-24T04:14:51.465237Z
RITL,2022-12-11,2022-12-11T00:00:00.000000Z,33725,0,,,,,,train,2024-10-24T04:14:51.465237Z
RITL,2022-12-12,2022-12-12T00:00:00.000000Z,50495,0,,,,,,train,2024-10-24T04:14:51.465237Z
RITL,2022-12-13,2022-12-13T00:00:00.000000Z,46222,0,,,,,,train,2024-10-24T04:14:51.465237Z
RITL,2022-12-14,2022-12-14T00:00:00.000000Z,45488,0,,,,,,train,2024-10-24T04:14:51.465237Z
RITL,2022-12-15,2022-12-15T00:00:00.000000Z,43662,0,,,,,,train,2024-10-24T04:14:51.465237Z
RITL,2022-12-16,2022-12-16T00:00:00.000000Z,40466,0,,,,,,train,2024-10-24T04:14:51.465237Z
RITL,2022-12-17,2022-12-17T00:00:00.000000Z,33557,0,,,,,,train,2024-10-24T04:14:51.465237Z
RITL,2022-12-18,2022-12-18T00:00:00.000000Z,31885,0,,,,,,train,2024-10-24T04:14:51.465237Z
RITL,2022-12-19,2022-12-19T00:00:00.000000Z,48780,0,,,,,,train,2024-10-24T04:14:51.465237Z
RITL,2022-12-20,2022-12-20T00:00:00.000000Z,46855,0,,,,,,train,2024-10-24T04:14:51.465237Z
RITL,2022-12-21,2022-12-21T00:00:00.000000Z,46660,0,,,,,,train,2024-10-24T04:14:51.465237Z
RITL,2022-12-22,2022-12-22T00:00:00.000000Z,44293,0,,,,,,train,2024-10-24T04:14:51.465237Z
RITL,2022-12-23,2022-12-23T00:00:00.000000Z,38774,0,,,,,,train,2024-10-24T04:14:51.465237Z
RITL,2022-12-24,2022-12-24T00:00:00.000000Z,31680,0,,,,,,train,2024-10-24T04:14:51.465237Z
RITL,2022-12-25,2022-12-25T00:00:00.000000Z,30093,1,,,,,,train,2024-10-24T04:14:51.465237Z
RITL,2022-12-26,2022-12-26T00:00:00.000000Z,46148,0,,,,,,train,2024-10-24T04:14:51.465237Z
RITL,2022-12-27,2022-12-27T00:00:00.000000Z,45576,0,,,,,,train,2024-10-24T04:14:51.465237Z
RITL,2022-12-28,2022-12-28T00:00:00.000000Z,43597,0,,,,,,train,2024-10-24T04:14:51.465237Z
RITL,2022-12-29,2022-12-29T00:00:00.000000Z,39908,0,,,,,,train,2024-10-24T04:14:51.465237Z
RITL,2022-12-30,2022-12-30T00:00:00.000000Z,35853,0,,,,,,train,2024-10-24T04:14:51.465237Z
RITL,2022-12-31,2022-12-31T00:00:00.000000Z,26858,0,,,,,,train,2024-10-24T04:14:51.465237Z
RITL,2023-01-01,2023-01-01T00:00:00.000000Z,30677,1,,,,,,train,2024-10-24T04:14:51.465237Z
RITL,2023-01-02,2023-01-02T00:00:00.000000Z,47290,0,,,,,,train,2024-10-24T04:14:51.465237Z
RITL,2023-01-03,2023-01-03T00:00:00.000000Z,47478,0,,,,,,train,2024-10-24T04:14:51.465237Z
RITL,2023-01-04,2023-01-04T00:00:00.000000Z,46340,0,,,,,,train,2024-10-24T04:14:51.465237Z
RITL,2023-01-05,2023-01-05T00:00:00.000000Z,45599,0,,,,,,train,2024-10-24T04:14:51.465237Z
RITL,2023-01-06,2023-01-06T00:00:00.000000Z,42483,0,,,,,,train,2024-10-24T04:14:51.465237Z
RITL,2023-01-07,2023-01-07T00:00:00.000000Z,34753,0,,,,,,train,2024-10-24T04:14:51.465237Z
RITL,2023-01-08,2023-01-08T00:00:00.000000Z,33360,0,,,,,,train,2024-10-24T04:14:51.465237Z
RITL,2023-01-09,2023-01-09T00:00:00.000000Z,51133,0,,,,,,train,2024-10-24T04:14:51.465237Z
RITL,2023-01-10,2023-01-10T00:00:00.000000Z,50097,0,,,,,,train,2024-10-24T04:14:51.465237Z
RITL,2023-01-11,2023-01-11T00:00:00.000000Z,49040,0,,,,,,train,2024-10-24T04:14:51.465237Z
RITL,2023-01-12,2023-01-12T00:00:00.000000Z,46844,0,,,,,,train,2024-10-24T04:14:51.465237Z
RITL,2023-01-13,2023-01-13T00:00:00.000000Z,42870,0,,,,,,train,2024-10-24T04:14:51.465237Z
RITL,2023-01-14,2023-01-14T00:00:00.000000Z,35535,0,,,,,,train,2024-10-24T04:14:51.465237Z
RITL,2023-01-15,2023-01-15T00:00:00.000000Z,34147,0,,,,,,train,2024-10-24T04:14:51.465237Z
RITL,2023-01-16,2023-01-16T00:00:00.000000Z,52102,0,,,,,,train,2024-10-24T04:14:51.465237Z
RITL,2023-01-17,2023-01-17T00:00:00.000000Z,49024,0,,,,,,train,2024-10-24T04:14:51.465237Z
RITL,2023-01-18,2023-01-18T00:00:00.000000Z,48050,0,,,,,,train,2024-10-24T04:14:51.465237Z
RITL,2023-01-19,2023-01-19T00:00:00.000000Z,45894,0,,,,,,train,2024-10-24T04:14:51.465237Z
RITL,2023-01-20,2023-01-20T00:00:00.000000Z,41869,0,,,,,,train,2024-10-24T04:14:51.465237Z
RITL,2023-01-21,2023-01-21T00:00:00.000000Z,33991,0,,,,,,train,2024-10-24T04:14:51.465237Z
RITL,2023-01-22,2023-01-22T00:00:00.000000Z,30730,1,,,,,,train,2024-10-24T04:14:51.465237Z
RITL,2023-01-23,2023-01-23T00:00:00.000000Z,40892,1,,,,,,train,2024-10-24T04:14:51.465237Z
RITL,2023-01-24,2023-01-24T00:00:00.000000Z,50895,0,,,,,,train,2024-10-24T04:14:51.465237Z
RITL,2023-01-25,2023-01-25T00:00:00.000000Z,49051,0,,,,,,train,2024-10-24T04:14:51.465237Z
RITL,2023-01-26,2023-01-26T00:00:00.000000Z,46621,0,,,,,,train,2024-10-24T04:14:51.465237Z
RITL,2023-01-27,2023-01-27T00:00:00.000000Z,41857,0,,,,,,train,2024-10-24T04:14:51.465237Z
RITL,2023-01-28,2023-01-28T00:00:00.000000Z,33277,0,,,,,,train,2024-10-24T04:14:51.465237Z
RITL,2023-01-29,2023-01-29T00:00:00.000000Z,32902,0,,,,,,train,2024-10-24T04:14:51.465237Z
RITL,2023-01-30,2023-01-30T00:00:00.000000Z,50748,0,,,,,,train,2024-10-24T04:14:51.465237Z
RITL,2023-01-31,2023-01-31T00:00:00.000000Z,47668,0,,,,,,train,2024-10-24T04:14:51.465237Z
RITL,2023-02-01,2023-02-01T00:00:00.000000Z,47637,0,,,,,,train,2024-10-24T04:14:51.465237Z
RITL,2023-02-02,2023-02-02T00:00:00.000000Z,46058,0,,,,,,train,2024-10-24T04:14:51.465237Z
RITL,2023-02-03,2023-02-03T00:00:00.000000Z,42244,0,,,,,,train,2024-10-24T04:14:51.465237Z
RITL,2023-02-04,2023-02-04T00:00:00.000000Z,34644,0,,,,,,train,2024-10-24T04:14:51.465237Z
RITL,2023-02-05,2023-02-05T00:00:00.000000Z,33871,0,,,,,,train,2024-10-24T04:14:51.465237Z
RITL,2023-02-06,2023-02-06T00:00:00.000000Z,51827,0,,,,,,train,2024-10-24T04:14:51.465237Z
RITL,2023-02-07,2023-02-07T00:00:00.000000Z,49073,0,,,,,,train,2024-10-24T04:14:51.465237Z
RITL,2023-02-08,2023-02-08T00:00:00.000000Z,48189,0,,,,,,train,2024-10-24T04:14:51.465237Z
RITL,2023-02-09,2023-02-09T00:00:00.000000Z,46156,0,,,,,,train,2024-10-24T04:14:51.465237Z
RITL,2023-02-10,2023-02-10T00:00:00.000000Z,42434,0,,,,,,train,2024-10-24T04:14:51.465237Z
RITL,2023-02-11,2023-02-11T00:00:00.000000Z,34851,0,,,,,,train,2024-10-24T04:14:51.465237Z
RITL,2023-02-12,2023-02-12T00:00:00.000000Z,32920,0,,,,,,train,2024-10-24T04:14:51.465237Z
RITL,2023-02-13,2023-02-13T00:00:00.000000Z,51083,0,,,,,,train,2024-10-24T04:14:51.465237Z
RITL,2023-02-14,2023-02-14T00:00:00.000000Z,48906,0,,,,,,train,2024-10-24T04:14:51.465237Z
RITL,2023-02-15,2023-02-15T00:00:00.000000Z,47654,0,,,,,,train,2024-10-24T04:14:51.465237Z
RITL,2023-02-16,2023-02-16T00:00:00.000000Z,45161,0,,,,,,train,2024-10-24T04:14:51.465237Z
RITL,2023-02-17,2023-02-17T00:00:00.000000Z,40366,0,,,,,,train,2024-10-24T04:14:51.465237Z
RITL,2023-02-18,2023-02-18T00:00:00.000000Z,30115,1,,,,,,train,2024-10-24T04:14:51.465237Z
RITL,2023-02-19,2023-02-19T00:00:00.000000Z,34052,0,,,,,,train,2024-10-24T04:14:51.465237Z
RITL,2023-02-20,2023-02-20T00:00:00.000000Z,52538,0,,,,,,train,2024-10-24T04:14:51.465237Z
RITL,2023-02-21,2023-02-21T00:00:00.000000Z,49378,0,,,,,,train,2024-10-24T04:14:51.465237Z
RITL,2023-02-22,2023-02-22T00:00:00.000000Z,48309,0,,,,,,train,2024-10-24T04:14:51.465237Z
RITL,2023-02-23,2023-02-23T00:00:00.000000Z,45612,0,,,,,,train,2024-10-24T04:14:51.465237Z
RITL,2023-02-24,2023-02-24T00:00:00.000000Z,40951,0,,,,,,train,2024-10-24T04:14:51.465237Z
RITL,2023-02-25,2023-02-25T00:00:00.000000Z,34797,0,,,,,,train,2024-10-24T04:14:51.465237Z
RITL,2023-02-26,2023-02-26T00:00:00.000000Z,33368,0,,,,,,train,2024-10-24T04:14:51.465237Z
RITL,2023-02-27,2023-02-27T00:00:00.000000Z,49933,0,,,,,,train,2024-10-24T04:14:51.465237Z
RITL,2023-02-28,2023-02-28T00:00:00.000000Z,47495,0,,,,,,train,2024-10-24T04:14:51.465237Z
RITL,2023-03-01,2023-03-01T00:00:00.000000Z,47289,0,,,,,,train,2024-10-24T04:14:51.465237Z
RITL,2023-03-02,2023-03-02T00:00:00.000000Z,46613,0,,,,,,train,2024-10-24T04:14:51.465237Z
RITL,2023-03-03,2023-03-03T00:00:00.000000Z,43731,0,,,,,,train,2024-10-24T04:14:51.465237Z
RITL,2023-03-04,2023-03-04T00:00:00.000000Z,34435,0,,,,,,train,2024-10-24T04:14:51.465237Z
RITL,2023-03-05,2023-03-05T00:00:00.000000Z,34897,0,,,,,,train,2024-10-24T04:14:51.465237Z
RITL,2023-03-06,2023-03-06T00:00:00.000000Z,52851,0,,,,,,train,2024-10-24T04:14:51.465237Z
RITL,2023-03-07,2023-03-07T00:00:00.000000Z,50666,0,,,,,,train,2024-10-24T04:14:51.465237Z
RITL,2023-03-08,2023-03-08T00:00:00.000000Z,49996,0,,,,,,train,2024-10-24T04:14:51.465237Z
RITL,2023-03-09,2023-03-09T00:00:00.000000Z,47519,0,,,,,,train,2024-10-24T04:14:51.465237Z
RITL,2023-03-10,2023-03-10T00:00:00.000000Z,44075,0,,,,,,train,2024-10-24T04:14:51.465237Z
RITL,2023-03-11,2023-03-11T00:00:00.000000Z,36438,0,,,,,,train,2024-10-24T04:14:51.465237Z
RITL,2023-03-12,2023-03-12T00:00:00.000000Z,36134,0,,,,,,train,2024-10-24T04:14:51.465237Z
RITL,2023-03-13,2023-03-13T00:00:00.000000Z,54107,0,,,,,,train,2024-10-24T04:14:51.465237Z
RITL,2023-03-14,2023-03-14T00:00:00.000000Z,50598,0,,,,,,train,2024-10-24T04:14:51.465237Z
RITL,2023-03-15,2023-03-15T00:00:00.000000Z,50690,0,,,,,,train,2024-10-24T04:14:51.465237Z
RITL,2023-03-16,2023-03-16T00:00:00.000000Z,48057,0,,,,,,train,2024-10-24T04:14:51.465237Z
RITL,2023-03-17,2023-03-17T00:00:00.000000Z,44057,0,,,,,,train,2024-10-24T04:14:51.465237Z
RITL,2023-03-18,2023-03-18T00:00:00.000000Z,36901,0,,,,,,train,2024-10-24T04:14:51.465237Z
RITL,2023-03-19,2023-03-19T00:00:00.000000Z,36511,0,,,,,,train,2024-10-24T04:14:51.465237Z
RITL,2023-03-20,2023-03-20T00:00:00.000000Z,52793,0,,,,,,train,2024-10-24T04:14:51.465237Z
RITL,2023-03-21,2023-03-21T00:00:00.000000Z,44251,0,,,,,,train,2024-10-24T04:14:51.465237Z
RITL,2023-03-22,2023-03-22T00:00:00.000000Z,33687,1,,,,,,train,2024-10-24T04:14:51.465237Z
RITL,2023-03-23,2023-03-23T00:00:00.000000Z,41355,1,,,,,,train,2024-10-24T04:14:51.465237Z
RITL,2023-03-24,2023-03-24T00:00:00.000000Z,45148,0,,,,,,train,2024-10-24T04:14:51.465237Z
RITL,2023-03-25,2023-03-25T00:00:00.000000Z,37872,0,,,,,,train,2024-10-24T04:14:51.465237Z
RITL,2023-03-26,2023-03-26T00:00:00.000000Z,35461,0,,,,,,train,2024-10-24T04:14:51.465237Z
RITL,2023-03-27,2023-03-27T00:00:00.000000Z,52295,0,,,,,,train,2024-10-24T04:14:51.465237Z
RITL,2023-03-28,2023-03-28T00:00:00.000000Z,49261,0,,,,,,train,2024-10-24T04:14:51.465237Z
RITL,2023-03-29,2023-03-29T00:00:00.000000Z,47768,0,,,,,,train,2024-10-24T04:14:51.465237Z
RITL,2023-03-30,2023-03-30T00:00:00.000000Z,45679,0,,,,,,train,2024-10-24T04:14:51.465237Z
RITL,2023-03-31,2023-03-31T00:00:00.000000Z,41884,0,,,,,,train,2024-10-24T04:14:51.465237Z
RITL,2023-04-01,2023-04-01T00:00:00.000000Z,35860,0,,,,,,train,2024-10-24T04:14:51.465237Z
RITL,2023-04-02,2023-04-02T00:00:00.000000Z,33900,0,,,,,,train,2024-10-24T04:14:51.465237Z
RITL,2023-04-03,2023-04-03T00:00:00.000000Z,50396,0,,,,,,train,2024-10-24T04:14:51.465237Z
RITL,2023-04-04,2023-04-04T00:00:00.000000Z,49008,0,,,,,,train,2024-10-24T04:14:51.465237Z
RITL,2023-04-05,2023-04-05T00:00:00.000000Z,46844,0,,,,,,train,2024-10-24T04:14:51.465237Z
RITL,2023-04-06,2023-04-06T00:00:00.000000Z,42230,0,,,,,,train,2024-10-24T04:14:51.465237Z
RITL,2023-04-07,2023-04-07T00:00:00.000000Z,32896,1,,,,,,train,2024-10-24T04:14:51.465237Z
RITL,2023-04-08,2023-04-08T00:00:00.000000Z,35538,0,,,,,,train,2024-10-24T04:14:51.465237Z
RITL,2023-04-09,2023-04-09T00:00:00.000000Z,34169,0,,,,,,train,2024-10-24T04:14:51.465237Z
RITL,2023-04-10,2023-04-10T00:00:00.000000Z,50318,0,,,,,,train,2024-10-24T04:14:51.465237Z
RITL,2023-04-11,2023-04-11T00:00:00.000000Z,48192,0,,,,,,train,2024-10-24T04:14:51.465237Z
RITL,2023-04-12,2023-04-12T00:00:00.000000Z,46432,0,,,,,,train,2024-10-24T04:14:51.465237Z
RITL,2023-04-13,2023-04-13T00:00:00.000000Z,45428,0,,,,,,train,2024-10-24T04:14:51.465237Z
RITL,2023-04-14,2023-04-14T00:00:00.000000Z,42309,0,,,,,,train,2024-10-24T04:14:51.465237Z
RITL,2023-04-15,2023-04-15T00:00:00.000000Z,35482,0,,,,,,train,2024-10-24T04:14:51.465237Z
RITL,2023-04-16,2023-04-16T00:00:00.000000Z,32752,0,,,,,,train,2024-10-24T04:14:51.465237Z
RITL,2023-04-17,2023-04-17T00:00:00.000000Z,46592,0,,,,,,train,2024-10-24T04:14:51.465237Z
RITL,2023-04-18,2023-04-18T00:00:00.000000Z,41104,0,,,,,,train,2024-10-24T04:14:51.465237Z
RITL,2023-04-19,2023-04-19T00:00:00.000000Z,32866,1,,,,,,train,2024-10-24T04:14:51.465237Z
RITL,2023-04-20,2023-04-20T00:00:00.000000Z,27183,1,,,,,,train,2024-10-24T04:14:51.465237Z
RITL,2023-04-21,2023-04-21T00:00:00.000000Z,22882,1,,,,,,train,2024-10-24T04:14:51.465237Z
RITL,2023-04-22,2023-04-22T00:00:00.000000Z,27310,1,,,,,,train,2024-10-24T04:14:51.465237Z
RITL,2023-04-23,2023-04-23T00:00:00.000000Z,32368,1,,,,,,train,2024-10-24T04:14:51.465237Z
RITL,2023-04-24,2023-04-24T00:00:00.000000Z,39325,1,,,,,,train,2024-10-24T04:14:51.465237Z
RITL,2023-04-25,2023-04-25T00:00:00.000000Z,40675,1,,,,,,train,2024-10-24T04:14:51.465237Z
RITL,2023-04-26,2023-04-26T00:00:00.000000Z,49800,0,,,,,,train,2024-10-24T04:14:51.465237Z
RITL,2023-04-27,2023-04-27T00:00:00.000000Z,51013,0,,,,,,train,2024-10-24T04:14:51.465237Z
RITL,2023-04-28,2023-04-28T00:00:00.000000Z,46791,0,,,,,,train,2024-10-24T04:14:51.465237Z
RITL,2023-04-29,2023-04-29T00:00:00.000000Z,38238,0,,,,,,train,2024-10-24T04:14:51.465237Z
RITL,2023-04-30,2023-04-30T00:00:00.000000Z,33721,0,,,,,,train,2024-10-24T04:14:51.465237Z
RITL,2023-05-01,2023-05-01T00:00:00.000000Z,40748,1,,,,,,train,2024-10-24T04:14:51.465237Z
RITL,2023-05-02,2023-05-02T00:00:00.000000Z,56715,0,,,,,,train,2024-10-24T04:14:51.465237Z
RITL,2023-05-03,2023-05-03T00:00:00.000000Z,55242,0,,,,,,train,2024-10-24T04:14:51.465237Z
RITL,2023-05-04,2023-05-04T00:00:00.000000Z,52613,0,,,,,,train,2024-10-24T04:14:51.465237Z
RITL,2023-05-05,2023-05-05T00:00:00.000000Z,48801,0,,,,,,train,2024-10-24T04:14:51.465237Z
RITL,2023-05-06,2023-05-06T00:00:00.000000Z,39121,0,,,,,,train,2024-10-24T04:14:51.465237Z
RITL,2023-05-07,2023-05-07T00:00:00.000000Z,37274,0,,,,,,train,2024-10-24T04:14:51.465237Z
RITL,2023-05-08,2023-05-08T00:00:00.000000Z,55204,0,,,,,,train,2024-10-24T04:14:51.465237Z
RITL,2023-05-09,2023-05-09T00:00:00.000000Z,53615,0,,,,,,train,2024-10-24T04:14:51.465237Z
RITL,2023-05-10,2023-05-10T00:00:00.000000Z,52344,0,,,,,,train,2024-10-24T04:14:51.465237Z
RITL,2023-05-11,2023-05-11T00:00:00.000000Z,50163,0,,,,,,train,2024-10-24T04:14:51.465237Z
RITL,2023-05-12,2023-05-12T00:00:00.000000Z,46664,0,,,,,,train,2024-10-24T04:14:51.465237Z
RITL,2023-05-13,2023-05-13T00:00:00.000000Z,37934,0,,,,,,train,2024-10-24T04:14:51.465237Z
RITL,2023-05-14,2023-05-14T00:00:00.000000Z,37149,0,,,,,,train,2024-10-24T04:14:51.465237Z
RITL,2023-05-15,2023-05-15T00:00:00.000000Z,56321,0,,,,,,train,2024-10-24T04:14:51.465237Z
RITL,2023-05-16,2023-05-16T00:00:00.000000Z,52924,0,,,,,,train,2024-10-24T04:14:51.465237Z
RITL,2023-05-17,2023-05-17T00:00:00.000000Z,46832,0,,,,,,train,2024-10-24T04:14:51.465237Z
RITL,2023-05-18,2023-05-18T00:00:00.000000Z,38228,1,,,,,,train,2024-10-24T04:14:51.465237Z
RITL,2023-05-19,2023-05-19T00:00:00.000000Z,48071,0,,,,,,train,2024-10-24T04:14:51.465237Z
RITL,2023-05-20,2023-05-20T00:00:00.000000Z,38942,0,,,,,,train,2024-10-24T04:14:51.465237Z
RITL,2023-05-21,2023-05-21T00:00:00.000000Z,37768,0,,,,,,train,2024-10-24T04:14:51.465237Z
RITL,2023-05-22,2023-05-22T00:00:00.000000Z,56918,0,,,,,,train,2024-10-24T04:14:51.465237Z
RITL,2023-05-23,2023-05-23T00:00:00.000000Z,53603,0,,,,,,train,2024-10-24T04:14:51.465237Z
RITL,2023-05-24,2023-05-24T00:00:00.000000Z,52257,0,,,,,,train,2024-10-24T04:14:51.465237Z
RITL,2023-05-25,2023-05-25T00:00:00.000000Z,49508,0,,,,,,train,2024-10-24T04:14:51.465237Z
RITL,2023-05-26,2023-05-26T00:00:00.000000Z,46550,0,,,,,,train,2024-10-24T04:14:51.465237Z
RITL,2023-05-27,2023-05-27T00:00:00.000000Z,38479,0,,,,,,train,2024-10-24T04:14:51.465237Z
RITL,2023-05-28,2023-05-28T00:00:00.000000Z,37665,0,,,,,,train,2024-10-24T04:14:51.465237Z
RITL,2023-05-29,2023-05-29T00:00:00.000000Z,56318,0,,,,,,train,2024-10-24T04:14:51.465237Z
RITL,2023-05-30,2023-05-30T00:00:00.000000Z,52869,0,,,,,,train,2024-10-24T04:14:51.465237Z
RITL,2023-05-31,2023-05-31T00:00:00.000000Z,46512,0,,,,,,train,2024-10-24T04:14:51.465237Z
RITL,2023-06-01,2023-06-01T00:00:00.000000Z,36815,1,,,,,,train,2024-10-24T04:14:51.465237Z
RITL,2023-06-02,2023-06-02T00:00:00.000000Z,41713,1,,,,,,train,2024-10-24T04:14:51.465237Z
RITL,2023-06-03,2023-06-03T00:00:00.000000Z,38531,0,,,,,,train,2024-10-24T04:14:51.465237Z
RITL,2023-06-04,2023-06-04T00:00:00.000000Z,37869,1,,,,,,train,2024-10-24T04:14:51.465237Z
RITL,2023-06-05,2023-06-05T00:00:00.000000Z,56947,0,,,,,,train,2024-10-24T04:14:51.465237Z
RITL,2023-06-06,2023-06-06T00:00:00.000000Z,54427,0,,,,,,train,2024-10-24T04:14:51.465237Z
RITL,2023-06-07,2023-06-07T00:00:00.000000Z,52071,0,,,,,,train,2024-10-24T04:14:51.465237Z
RITL,2023-06-08,2023-06-08T00:00:00.000000Z,49507,0,,,,,,train,2024-10-24T04:14:51.465237Z
RITL,2023-06-09,2023-06-09T00:00:00.000000Z,46233,0,,,,,,train,2024-10-24T04:14:51.465237Z
RITL,2023-06-10,2023-06-10T00:00:00.000000Z,38727,0,,,,,,train,2024-10-24T04:14:51.465237Z
RITL,2023-06-11,2023-06-11T00:00:00.000000Z,37658,0,,,,,,train,2024-10-24T04:14:51.465237Z
RITL,2023-06-12,2023-06-12T00:00:00.000000Z,56226,0,,,,,,train,2024-10-24T04:14:51.465237Z
RITL,2023-06-13,2023-06-13T00:00:00.000000Z,53468,0,,,,,,train,2024-10-24T04:14:51.465237Z
RITL,2023-06-14,2023-06-14T00:00:00.000000Z,52469,0,,,,,,train,2024-10-24T04:14:51.465237Z
RITL,2023-06-15,2023-06-15T00:00:00.000000Z,50248,0,,,,,,train,2024-10-24T04:14:51.465237Z
RITL,2023-06-16,2023-06-16T00:00:00.000000Z,45948,0,,,,,,train,2024-10-24T04:14:51.465237Z
RITL,2023-06-17,2023-06-17T00:00:00.000000Z,37676,0,,,,,,train,2024-10-24T04:14:51.465237Z
RITL,2023-06-18,2023-06-18T00:00:00.000000Z,37559,0,,,,,,train,2024-10-24T04:14:51.465237Z
RITL,2023-06-19,2023-06-19T00:00:00.000000Z,54999,0,,,,,,train,2024-10-24T04:14:51.465237Z
RITL,2023-06-20,2023-06-20T00:00:00.000000Z,52934,0,,,,,,train,2024-10-24T04:14:51.465237Z
RITL,2023-06-21,2023-06-21T00:00:00.000000Z,52710,0,,,,,,train,2024-10-24T04:14:51.465237Z
RITL,2023-06-22,2023-06-22T00:00:00.000000Z,50174,0,,,,,,train,2024-10-24T04:14:51.465237Z
RITL,2023-06-23,2023-06-23T00:00:00.000000Z,45679,0,,,,,,train,2024-10-24T04:14:51.465237Z
RITL,2023-06-24,2023-06-24T00:00:00.000000Z,37926,0,,,,,,train,2024-10-24T04:14:51.465237Z
RITL,2023-06-25,2023-06-25T00:00:00.000000Z,38100,0,,,,,,train,2024-10-24T04:14:51.465237Z
RITL,2023-06-26,2023-06-26T00:00:00.000000Z,54080,0,,,,,,train,2024-10-24T04:14:51.465237Z
RITL,2023-06-27,2023-06-27T00:00:00.000000Z,45193,0,,,,,,train,2024-10-24T04:14:51.465237Z
RITL,2023-06-28,2023-06-28T00:00:00.000000Z,32934,1,,,,,,train,2024-10-24T04:14:51.465237Z
RITL,2023-06-29,2023-06-29T00:00:00.000000Z,32207,1,,,,,,train,2024-10-24T04:14:51.465237Z
RITL,2023-06-30,2023-06-30T00:00:00.000000Z,40820,1,,,,,,train,2024-10-24T04:14:51.465237Z
RITL,2023-07-01,2023-07-01T00:00:00.000000Z,37852,0,,,,,,train,2024-10-24T04:14:51.465237Z
RITL,2023-07-02,2023-07-02T00:00:00.000000Z,37462,0,,,,,,train,2024-10-24T04:14:51.465237Z
RITL,2023-07-03,2023-07-03T00:00:00.000000Z,58564,0,,,,,,train,2024-10-24T04:14:51.465237Z
RITL,2023-07-04,2023-07-04T00:00:00.000000Z,56809,0,,,,,,train,2024-10-24T04:14:51.465237Z
RITL,2023-07-05,2023-07-05T00:00:00.000000Z,54824,0,,,,,,train,2024-10-24T04:14:51.465237Z
RITL,2023-07-06,2023-07-06T00:00:00.000000Z,51936,0,,,,,,train,2024-10-24T04:14:51.465237Z
RITL,2023-07-07,2023-07-07T00:00:00.000000Z,47576,0,,,,,,train,2024-10-24T04:14:51.465237Z
RITL,2023-07-08,2023-07-08T00:00:00.000000Z,38348,0,,,,,,train,2024-10-24T04:14:51.465237Z
RITL,2023-07-09,2023-07-09T00:00:00.000000Z,38001,0,,,,,,train,2024-10-24T04:14:51.465237Z
RITL,2023-07-10,2023-07-10T00:00:00.000000Z,57704,0,,,,,,train,2024-10-24T04:14:51.465237Z
RITL,2023-07-11,2023-07-11T00:00:00.000000Z,55139,0,,,,,,train,2024-10-24T04:14:51.465237Z
RITL,2023-07-12,2023-07-12T00:00:00.000000Z,53952,0,,,,,,train,2024-10-24T04:14:51.465237Z
RITL,2023-07-13,2023-07-13T00:00:00.000000Z,51220,0,,,,,,train,2024-10-24T04:14:51.465237Z
RITL,2023-07-14,2023-07-14T00:00:00.000000Z,47327,0,,,,,,train,2024-10-24T04:14:51.465237Z
RITL,2023-07-15,2023-07-15T00:00:00.000000Z,39306,0,,,,,,train,2024-10-24T04:14:51.465237Z
RITL,2023-07-16,2023-07-16T00:00:00.000000Z,39278,0,,,,,,train,2024-10-24T04:14:51.465237Z
RITL,2023-07-17,2023-07-17T00:00:00.000000Z,57696,0,,,,,,train,2024-10-24T04:14:51.465237Z
RITL,2023-07-18,2023-07-18T00:00:00.000000Z,49490,0,,,,,,train,2024-10-24T04:14:51.465237Z
RITL,2023-07-19,2023-07-19T00:00:00.000000Z,41389,1,,,,,,train,2024-10-24T04:14:51.465237Z
RITL,2023-07-20,2023-07-20T00:00:00.000000Z,53229,0,,,,,,train,2024-10-24T04:14:51.465237Z
RITL,2023-07-21,2023-07-21T00:00:00.000000Z,48751,0,,,,,,train,2024-10-24T04:14:51.465237Z
RITL,2023-07-22,2023-07-22T00:00:00.000000Z,40139,0,,,,,,train,2024-10-24T04:14:51.465237Z
RITL,2023-07-23,2023-07-23T00:00:00.000000Z,38754,0,,,,,,train,2024-10-24T04:14:51.465237Z
RITL,2023-07-24,2023-07-24T00:00:00.000000Z,56077,0,,,,,,train,2024-10-24T04:14:51.465237Z
RITL,2023-07-25,2023-07-25T00:00:00.000000Z,53362,0,,,,,,train,2024-10-24T04:14:51.465237Z
RITL,2023-07-26,2023-07-26T00:00:00.000000Z,53154,0,,,,,,train,2024-10-24T04:14:51.465237Z
RITL,2023-07-27,2023-07-27T00:00:00.000000Z,51332,0,,,,,,train,2024-10-24T04:14:51.465237Z
RITL,2023-07-28,2023-07-28T00:00:00.000000Z,47453,0,,,,,,train,2024-10-24T04:14:51.465237Z
RITL,2023-07-29,2023-07-29T00:00:00.000000Z,40002,0,,,,,,train,2024-10-24T04:14:51.465237Z
RITL,2023-07-30,2023-07-30T00:00:00.000000Z,38575,0,,,,,,train,2024-10-24T04:14:51.465237Z
RITL,2023-07-31,2023-07-31T00:00:00.000000Z,57736,0,,,,,,train,2024-10-24T04:14:51.465237Z
RITL,2023-08-01,2023-08-01T00:00:00.000000Z,55307,0,,,,,,train,2024-10-24T04:14:51.465237Z
RITL,2023-08-02,2023-08-02T00:00:00.000000Z,54759,0,,,,,,train,2024-10-24T04:14:51.465237Z
RITL,2023-08-03,2023-08-03T00:00:00.000000Z,53091,0,,,,,,train,2024-10-24T04:14:51.465237Z
RITL,2023-08-04,2023-08-04T00:00:00.000000Z,50170,0,,,,,,train,2024-10-24T04:14:51.465237Z
RITL,2023-08-05,2023-08-05T00:00:00.000000Z,41195,0,,,,,,train,2024-10-24T04:14:51.465237Z
RITL,2023-08-06,2023-08-06T00:00:00.000000Z,40451,0,,,,,,train,2024-10-24T04:14:51.465237Z
RITL,2023-08-07,2023-08-07T00:00:00.000000Z,60533,0,,,,,,train,2024-10-24T04:14:51.465237Z
RITL,2023-08-08,2023-08-08T00:00:00.000000Z,56964,0,,,,,,train,2024-10-24T04:14:51.465237Z
RITL,2023-08-09,2023-08-09T00:00:00.000000Z,54804,0,,,,,,train,2024-10-24T04:14:51.465237Z
RITL,2023-08-10,2023-08-10T00:00:00.000000Z,52915,0,,,,,,train,2024-10-24T04:14:51.465237Z
RITL,2023-08-11,2023-08-11T00:00:00.000000Z,48483,0,,,,,,train,2024-10-24T04:14:51.465237Z
RITL,2023-08-12,2023-08-12T00:00:00.000000Z,40447,0,,,,,,train,2024-10-24T04:14:51.465237Z
RITL,2023-08-13,2023-08-13T00:00:00.000000Z,39907,0,,,,,,train,2024-10-24T04:14:51.465237Z
RITL,2023-08-14,2023-08-14T00:00:00.000000Z,59010,0,,,,,,train,2024-10-24T04:14:51.465237Z
RITL,2023-08-15,2023-08-15T00:00:00.000000Z,55381,0,,,,,,train,2024-10-24T04:14:51.465237Z
RITL,2023-08-16,2023-08-16T00:00:00.000000Z,49198,0,,,,,,train,2024-10-24T04:14:51.465237Z
RITL,2023-08-17,2023-08-17T00:00:00.000000Z,40645,1,,,,,,train,2024-10-24T04:14:51.465237Z
RITL,2023-08-18,2023-08-18T00:00:00.000000Z,50735,0,,,,,,train,2024-10-24T04:14:51.465237Z
RITL,2023-08-19,2023-08-19T00:00:00.000000Z,41043,0,,,,,,train,2024-10-24T04:14:51.465237Z
RITL,2023-08-20,2023-08-20T00:00:00.000000Z,40612,0,,,,,,train,2024-10-24T04:14:51.465237Z
RITL,2023-08-21,2023-08-21T00:00:00.000000Z,60811,0,,,,,,train,2024-10-24T04:14:51.465237Z
RITL,2023-08-22,2023-08-22T00:00:00.000000Z,57688,0,,,,,,train,2024-10-24T04:14:51.465237Z
RITL,2023-08-23,2023-08-23T00:00:00.000000Z,55619,0,,,,,,train,2024-10-24T04:14:51.465237Z
RITL,2023-08-24,2023-08-24T00:00:00.000000Z,52494,0,,,,,,train,2024-10-24T04:14:51.465237Z
RITL,2023-08-25,2023-08-25T00:00:00.000000Z,48927,0,,,,,,train,2024-10-24T04:14:51.465237Z
RITL,2023-08-26,2023-08-26T00:00:00.000000Z,41091,0,,,,,,train,2024-10-24T04:14:51.465237Z
RITL,2023-08-27,2023-08-27T00:00:00.000000Z,41233,0,,,,,,train,2024-10-24T04:14:51.465237Z
RITL,2023-08-28,2023-08-28T00:00:00.000000Z,61428,0,,,,,,train,2024-10-24T04:14:51.465237Z
RITL,2023-08-29,2023-08-29T00:00:00.000000Z,57353,0,,,,,,train,2024-10-24T04:14:51.465237Z
RITL,2023-08-30,2023-08-30T00:00:00.000000Z,56112,0,,,,,,train,2024-10-24T04:14:51.465237Z
RITL,2023-08-31,2023-08-31T00:00:00.000000Z,53591,0,,,,,,train,2024-10-24T04:14:51.465237Z
RITL,2023-09-01,2023-09-01T00:00:00.000000Z,50888,0,,,,,,train,2024-10-24T04:14:51.465237Z
RITL,2023-09-02,2023-09-02T00:00:00.000000Z,42928,0,,,,,,train,2024-10-24T04:14:51.465237Z
RITL,2023-09-03,2023-09-03T00:00:00.000000Z,41853,0,,,,,,train,2024-10-24T04:14:51.465237Z
RITL,2023-09-04,2023-09-04T00:00:00.000000Z,61812,0,,,,,,train,2024-10-24T04:14:51.465237Z
RITL,2023-09-05,2023-09-05T00:00:00.000000Z,58852,0,,,,,,train,2024-10-24T04:14:51.465237Z
RITL,2023-09-06,2023-09-06T00:00:00.000000Z,58159,0,,,,,,train,2024-10-24T04:14:51.465237Z
RITL,2023-09-07,2023-09-07T00:00:00.000000Z,55879,0,,,,,,train,2024-10-24T04:14:51.465237Z
RITL,2023-09-08,2023-09-08T00:00:00.000000Z,53311,0,,,,,,train,2024-10-24T04:14:51.465237Z
RITL,2023-09-09,2023-09-09T00:00:00.000000Z,44578,0,,,,,,train,2024-10-24T04:14:51.465237Z
RITL,2023-09-10,2023-09-10T00:00:00.000000Z,42616,0,,,,,,train,2024-10-24T04:14:51.465237Z
RITL,2023-09-11,2023-09-11T00:00:00.000000Z,63407,0,,,,,,train,2024-10-24T04:14:51.465237Z
RITL,2023-09-12,2023-09-12T00:00:00.000000Z,59462,0,,,,,,train,2024-10-24T04:14:51.465237Z
RITL,2023-09-13,2023-09-13T00:00:00.000000Z,58303,0,,,,,,train,2024-10-24T04:14:51.465237Z
RITL,2023-09-14,2023-09-14T00:00:00.000000Z,56236,0,,,,,,train,2024-10-24T04:14:51.465237Z
RITL,2023-09-15,2023-09-15T00:00:00.000000Z,52756,0,,,,,,train,2024-10-24T04:14:51.465237Z
RITL,2023-09-16,2023-09-16T00:00:00.000000Z,44327,0,,,,,,train,2024-10-24T04:14:51.465237Z
RITL,2023-09-17,2023-09-17T00:00:00.000000Z,43333,0,,,,,,train,2024-10-24T04:14:51.465237Z
RITL,2023-09-18,2023-09-18T00:00:00.000000Z,64042,0,,,,,,train,2024-10-24T04:14:51.465237Z
RITL,2023-09-19,2023-09-19T00:00:00.000000Z,60254,0,,,,,,train,2024-10-24T04:14:51.465237Z
RITL,2023-09-20,2023-09-20T00:00:00.000000Z,58697,0,,,,,,train,2024-10-24T04:14:51.465237Z
RITL,2023-09-21,2023-09-21T00:00:00.000000Z,56181,0,,,,,,train,2024-10-24T04:14:51.465237Z
RITL,2023-09-22,2023-09-22T00:00:00.000000Z,52955,0,,,,,,train,2024-10-24T04:14:51.465237Z
RITL,2023-09-23,2023-09-23T00:00:00.000000Z,44599,0,,,,,,train,2024-10-24T04:14:51.465237Z
RITL,2023-09-24,2023-09-24T00:00:00.000000Z,43016,0,,,,,,train,2024-10-24T04:14:51.465237Z
RITL,2023-09-25,2023-09-25T00:00:00.000000Z,63033,0,,,,,,train,2024-10-24T04:14:51.465237Z
RITL,2023-09-26,2023-09-26T00:00:00.000000Z,58895,0,,,,,,train,2024-10-24T04:14:51.465237Z
RITL,2023-09-27,2023-09-27T00:00:00.000000Z,52633,0,,,,,,train,2024-10-24T04:14:51.465237Z
RITL,2023-09-28,2023-09-28T00:00:00.000000Z,43685,1,,,,,,train,2024-10-24T04:14:51.465237Z
RITL,2023-09-29,2023-09-29T00:00:00.000000Z,53642,0,,,,,,train,2024-10-24T04:14:51.465237Z
RITL,2023-09-30,2023-09-30T00:00:00.000000Z,44080,0,,,,,,train,2024-10-24T04:14:51.465237Z
RITL,2023-10-01,2023-10-01T00:00:00.000000Z,43878,0,,,,,,train,2024-10-24T04:14:51.465237Z
RITL,2023-10-02,2023-10-02T00:00:00.000000Z,63313,0,,,,,,train,2024-10-24T04:14:51.465237Z
RITL,2023-10-03,2023-10-03T00:00:00.000000Z,60873,0,,,,,,train,2024-10-24T04:14:51.465237Z
RITL,2023-10-04,2023-10-04T00:00:00.000000Z,59584,0,,,,,,train,2024-10-24T04:14:51.465237Z
RITL,2023-10-05,2023-10-05T00:00:00.000000Z,56767,0,,,,,,train,2024-10-24T04:14:51.465237Z
RITL,2023-10-06,2023-10-06T00:00:00.000000Z,53370,0,,,,,,train,2024-10-24T04:14:51.465237Z
RITL,2023-10-07,2023-10-07T00:00:00.000000Z,45016,0,,,,,,train,2024-10-24T04:14:51.465237Z
RITL,2023-10-08,2023-10-08T00:00:00.000000Z,43747,0,,,,,,train,2024-10-24T04:14:51.465237Z
RITL,2023-10-09,2023-10-09T00:00:00.000000Z,64566,0,,,,,,train,2024-10-24T04:14:51.465237Z
RITL,2023-10-10,2023-10-10T00:00:00.000000Z,61203,0,,,,,,train,2024-10-24T04:14:51.465237Z
RITL,2023-10-11,2023-10-11T00:00:00.000000Z,58671,0,,,,,,train,2024-10-24T04:14:51.465237Z
RITL,2023-10-12,2023-10-12T00:00:00.000000Z,57401,0,,,,,,train,2024-10-24T04:14:51.465237Z
RITL,2023-10-13,2023-10-13T00:00:00.000000Z,53896,0,,,,,,train,2024-10-24T04:14:51.465237Z
RITL,2023-10-14,2023-10-14T00:00:00.000000Z,44684,0,,,,,,train,2024-10-24T04:14:51.465237Z
RITL,2023-10-15,2023-10-15T00:00:00.000000Z,44297,0,,,,,,train,2024-10-24T04:14:51.465237Z
RITL,2023-10-16,2023-10-16T00:00:00.000000Z,63381,0,,,,,,train,2024-10-24T04:14:51.465237Z
RITL,2023-10-17,2023-10-17T00:00:00.000000Z,60034,0,,,,,,train,2024-10-24T04:14:51.465237Z
RITL,2023-10-18,2023-10-18T00:00:00.000000Z,58480,0,,,,,,train,2024-10-24T04:14:51.465237Z
RITL,2023-10-19,2023-10-19T00:00:00.000000Z,56405,0,,,,,,train,2024-10-24T04:14:51.465237Z
RITL,2023-10-20,2023-10-20T00:00:00.000000Z,52300,0,,,,,,train,2024-10-24T04:14:51.465237Z
RITL,2023-10-21,2023-10-21T00:00:00.000000Z,44088,0,,,,,,train,2024-10-24T04:14:51.465237Z
RITL,2023-10-22,2023-10-22T00:00:00.000000Z,43395,0,,,,,,train,2024-10-24T04:14:51.465237Z
RITL,2023-10-23,2023-10-23T00:00:00.000000Z,63442,0,,,,,,train,2024-10-24T04:14:51.465237Z
RITL,2023-10-24,2023-10-24T00:00:00.000000Z,58079,0,,,,,,train,2024-10-24T04:14:51.465237Z
RITL,2023-10-25,2023-10-25T00:00:00.000000Z,57414,0,,,,,,train,2024-10-24T04:14:51.465237Z
RITL,2023-10-26,2023-10-26T00:00:00.000000Z,55210,0,,,,,,train,2024-10-24T04:14:51.465237Z
RITL,2023-10-27,2023-10-27T00:00:00.000000Z,51374,0,,,,,,train,2024-10-24T04:14:51.465237Z
RITL,2023-10-28,2023-10-28T00:00:00.000000Z,43334,0,,,,,,train,2024-10-24T04:14:51.465237Z
RITL,2023-10-29,2023-10-29T00:00:00.000000Z,42582,0,,,,,,train,2024-10-24T04:14:51.465237Z
RITL,2023-10-30,2023-10-30T00:00:00.000000Z,62265,0,,,,,,train,2024-10-24T04:14:51.465237Z
RITL,2023-10-31,2023-10-31T00:00:00.000000Z,58938,0,,,,,,train,2024-10-24T04:14:51.465237Z
RITL,2023-11-01,2023-11-01T00:00:00.000000Z,58925,0,,,,,,train,2024-10-24T04:14:51.465237Z
RITL,2023-11-02,2023-11-02T00:00:00.000000Z,56423,0,,,,,,train,2024-10-24T04:14:51.465237Z
RITL,2023-11-03,2023-11-03T00:00:00.000000Z,51869,0,,,,,,train,2024-10-24T04:14:51.465237Z
RITL,2023-11-04,2023-11-04T00:00:00.000000Z,42691,0,,,,,,train,2024-10-24T04:14:51.465237Z
RITL,2023-11-05,2023-11-05T00:00:00.000000Z,42098,0,,,,,,train,2024-10-24T04:14:51.465237Z
RITL,2023-11-06,2023-11-06T00:00:00.000000Z,63306,0,,,,,,train,2024-10-24T04:14:51.465237Z
RITL,2023-11-07,2023-11-07T00:00:00.000000Z,59530,0,,,,,,train,2024-10-24T04:14:51.465237Z
RITL,2023-11-08,2023-11-08T00:00:00.000000Z,59297,0,,,,,,train,2024-10-24T04:14:51.465237Z
RITL,2023-11-09,2023-11-09T00:00:00.000000Z,55850,0,,,,,,train,2024-10-24T04:14:51.465237Z
RITL,2023-11-10,2023-11-10T00:00:00.000000Z,53292,0,,,,,,train,2024-10-24T04:14:51.465237Z
RITL,2023-11-11,2023-11-11T00:00:00.000000Z,44237,0,,,,,,train,2024-10-24T04:14:51.465237Z
RITL,2023-11-12,2023-11-12T00:00:00.000000Z,42969,0,,,,,,train,2024-10-24T04:14:51.465237Z
RITL,2023-11-13,2023-11-13T00:00:00.000000Z,62605,0,,,,,,train,2024-10-24T04:14:51.465237Z
RITL,2023-11-14,2023-11-14T00:00:00.000000Z,59081,0,,,,,,train,2024-10-24T04:14:51.465237Z
RITL,2023-11-15,2023-11-15T00:00:00.000000Z,58423,0,,,,,,train,2024-10-24T04:14:51.465237Z
RITL,2023-11-16,2023-11-16T00:00:00.000000Z,55705,0,,,,,,train,2024-10-24T04:14:51.465237Z
RITL,2023-11-17,2023-11-17T00:00:00.000000Z,52305,0,,,,,,train,2024-10-24T04:14:51.465237Z
RITL,2023-11-18,2023-11-18T00:00:00.000000Z,43247,0,,,,,,train,2024-10-24T04:14:51.465237Z
RITL,2023-11-19,2023-11-19T00:00:00.000000Z,43057,0,,,,,,train,2024-10-24T04:14:51.465237Z
RITL,2023-11-20,2023-11-20T00:00:00.000000Z,62732,0,,,,,,train,2024-10-24T04:14:51.465237Z
RITL,2023-11-21,2023-11-21T00:00:00.000000Z,58812,0,,,,,,train,2024-10-24T04:14:51.465237Z
RITL,2023-11-22,2023-11-22T00:00:00.000000Z,58745,0,,,,,,train,2024-10-24T04:14:51.465237Z
RITL,2023-11-23,2023-11-23T00:00:00.000000Z,56002,0,,,,,,train,2024-10-24T04:14:51.465237Z
RITL,2023-11-24,2023-11-24T00:00:00.000000Z,49848,0,,,,,,train,2024-10-24T04:14:51.465237Z
RITL,2023-11-25,2023-11-25T00:00:00.000000Z,41896,0,,,,,,train,2024-10-24T04:14:51.465237Z
RITL,2023-11-26,2023-11-26T00:00:00.000000Z,41552,0,,,,,,train,2024-10-24T04:14:51.465237Z
RITL,2023-11-27,2023-11-27T00:00:00.000000Z,60957,0,,,,,,train,2024-10-24T04:14:51.465237Z
RITL,2023-11-28,2023-11-28T00:00:00.000000Z,56877,0,,,,,,train,2024-10-24T04:14:51.465237Z
RITL,2023-11-29,2023-11-29T00:00:00.000000Z,56737,0,,,,,,train,2024-10-24T04:14:51.465237Z
RITL,2023-11-30,2023-11-30T00:00:00.000000Z,53403,0,,,,,,train,2024-10-24T04:14:51.465237Z
RITL,2023-12-01,2023-12-01T00:00:00.000000Z,50040,0,49382.2064717705,54125.24609375,52196.296875,53720.953125,45810.953125,evaluation,2024-10-24T04:14:51.465237Z
RITL,2023-12-02,2023-12-02T00:00:00.000000Z,42942,0,43329.0860215722,47221.47265625,44705.203125,46976.8125,42169.65234375,evaluation,2024-10-24T04:14:51.465237Z
RITL,2023-12-03,2023-12-03T00:00:00.000000Z,41725,0,51774.178753767,45883.5703125,44151.015625,45591.6640625,49686.91796875,evaluation,2024-10-24T04:14:51.465237Z
RITL,2023-12-04,2023-12-04T00:00:00.000000Z,60356,0,55315.90524995,65417.6015625,64148.484375,64211.46875,53742.578125,evaluation,2024-10-24T04:14:51.465237Z
RITL,2023-12-05,2023-12-05T00:00:00.000000Z,58693,0,55833.5144732375,63459.9765625,61205.55078125,61608.78515625,59241.7109375,evaluation,2024-10-24T04:14:51.465237Z
RITL,2023-12-06,2023-12-06T00:00:00.000000Z,57914,0,54438.7922458435,63023.82421875,60579.98828125,60863.05859375,56172.21875,evaluation,2024-10-24T04:14:51.465237Z
RITL,2023-12-07,2023-12-07T00:00:00.000000Z,55993,0,53246.4610158228,56614.890625,58148.2421875,58019.09375,53206.4609375,evaluation,2024-10-24T04:14:51.465237Z
RITL,2023-12-08,2023-12-08T00:00:00.000000Z,51781,0,48084.0194333178,56157.9921875,54093.6015625,54427.6484375,46832.37890625,evaluation,2024-10-24T04:14:51.465237Z
RITL,2023-12-09,2023-12-09T00:00:00.000000Z,44243,0,49145.0422121586,44747.03515625,45877.61328125,48066.25390625,42395.15234375,evaluation,2024-10-24T04:14:51.465237Z
RITL,2023-12-10,2023-12-10T00:00:00.000000Z,43254,0,52447.8182861224,46343.12109375,44448.25,46412.3203125,45848.86328125,evaluation,2024-10-24T04:14:51.465237Z
RITL,2023-12-11,2023-12-11T00:00:00.000000Z,64146,0,54439.1613045108,67076.28125,65309.72265625,65469.43359375,52739.16796875,evaluation,2024-10-24T04:14:51.465237Z
RITL,2023-12-12,2023-12-12T00:00:00.000000Z,60885,0,54171.5094326856,64247.76953125,61185.5078125,61992.11328125,57900.4453125,evaluation,2024-10-24T04:14:51.465237Z
RITL,2023-12-13,2023-12-13T00:00:00.000000Z,58504,0,54234.2774545813,63504.54296875,61272.6796875,60625.3125,57582.359375,evaluation,2024-10-24T04:14:51.465237Z
RITL,2023-12-14,2023-12-14T00:00:00.000000Z,56513,0,51604.8128865362,55318.171875,58310.40234375,58285.453125,52510.4296875,evaluation,2024-10-24T04:14:51.465237Z
RITL,2023-12-15,2023-12-15T00:00:00.000000Z,52890,0,50084.6333982474,54236.77734375,54137.60546875,53753.28515625,46361.1484375,evaluation,2024-10-24T04:14:51.465237Z
RITL,2023-12-16,2023-12-16T00:00:00.000000Z,44561,0,51087.2659620873,44456.6953125,46111.6171875,48157.6484375,42263.92578125,evaluation,2024-10-24T04:14:51.465237Z
RITL,2023-12-17,2023-12-17T00:00:00.000000Z,44625,0,52996.1243438781,46088.84375,45022.63671875,46730.9296875,39276.6640625,evaluation,2024-10-24T04:14:51.465237Z
RITL,2023-12-18,2023-12-18T00:00:00.000000Z,63720,0,53532.2966985261,66222.4921875,65601.1484375,65757.828125,52503.5546875,evaluation,2024-10-24T04:14:51.465237Z
RITL,2023-12-19,2023-12-19T00:00:00.000000Z,60377,0,53990.6672749418,63007.73828125,62054.265625,62683.3125,58173.6171875,evaluation,2024-10-24T04:14:51.465237Z
RITL,2023-12-20,2023-12-20T00:00:00.000000Z,59142,0,53182.7596075386,60082.375,61271.66015625,61371.33203125,55089.5703125,evaluation,2024-10-24T04:14:51.465237Z
RITL,2023-12-21,2023-12-21T00:00:00.000000Z,56666,0,51741.8796376119,55718.44140625,58914.71875,58405.07421875,53277.1484375,evaluation,2024-10-24T04:14:51.465237Z
RITL,2023-12-22,2023-12-22T00:00:00.000000Z,52628,0,51273.7799954199,55287.21484375,54626.69921875,55072.37890625,46660.796875,evaluation,2024-10-24T04:14:51.465237Z
RITL,2023-12-23,2023-12-23T00:00:00.000000Z,43621,0,52205.0637077449,44577.953125,46448.2578125,47982.3046875,42913.67578125,evaluation,2024-10-24T04:14:51.465237Z
RITL,2023-12-24,2023-12-24T00:00:00.000000Z,36801,0,52929.3682749706,46260.86328125,44902.19140625,46512.265625,44800.88671875,evaluation,2024-10-24T04:14:51.465237Z
RITL,2023-12-25,2023-12-25T00:00:00.000000Z,40323,1,46821.0689603209,67033.7890625,51645.00390625,54180.875,53047.578125,evaluation,2024-10-24T04:14:51.465237Z
RITL,2023-12-26,2023-12-26T00:00:00.000000Z,50881,1,46866.6271476161,65762.359375,50074.5078125,51890.38671875,58573.5546875,evaluation,2024-10-24T04:14:51.465237Z
RITL,2023-12-27,2023-12-27T00:00:00.000000Z,60191,0,52848.4839911824,61710.46484375,62404.81640625,58960.390625,57138.44140625,evaluation,2024-10-24T04:14:51.465237Z
RITL,2023-12-28,2023-12-28T00:00:00.000000Z,57179,0,52077.5111602962,56949.70703125,58752.1171875,57983.4453125,52938.02734375,evaluation,2024-10-24T04:14:51.465237Z
RITL,2023-12-29,2023-12-29T00:00:00.000000Z,51138,0,52157.2872310598,55539.40625,54183.5859375,55320.46875,45877.30078125,evaluation,2024-10-24T04:14:51.465237Z
RITL,2023-12-30,2023-12-30T00:00:00.000000Z,40790,0,52613.7239466772,45861.96484375,46539.89453125,50677.36328125,43236.02734375,evaluation,2024-10-24T04:14:51.465237Z
RITL,2023-12-31,2023-12-31T00:00:00.000000Z,32804,0,53080.8878426848,47056.17578125,44468.77734375,50383.01171875,46001.8203125,evaluation,2024-10-24T04:14:51.465237Z
RITL,2024-01-01,2024-01-01T00:00:00.000000Z,44178,1,46729.034613769,68487.2421875,47385.90234375,55740.71484375,53738.86328125,evaluation,2024-10-24T04:14:51.465237Z
RITL,2024-01-02,2024-01-02T00:00:00.000000Z,62333,0,53289.5001060919,66285.796875,59532.71875,64802.73046875,59776.953125,evaluation,2024-10-24T04:14:51.465237Z
RITL,2024-01-03,2024-01-03T00:00:00.000000Z,62720,0,52793.3036161285,63500.55859375,59824.84375,65010.05859375,57165.6484375,evaluation,2024-10-24T04:14:51.465237Z
RITL,2024-01-04,2024-01-04T00:00:00.000000Z,59296,0,52519.4550574778,57928.5234375,57042.796875,63466.3046875,52874.1171875,evaluation,2024-10-24T04:14:51.465237Z
RITL,2024-01-05,2024-01-05T00:00:00.000000Z,55491,0,52627.9948809076,54208.01171875,52599.5234375,59457.78125,46918.1796875,evaluation,2024-10-24T04:14:51.465237Z
RITL,2024-01-06,2024-01-06T00:00:00.000000Z,45783,0,52913.2339117344,42972.99609375,46649.640625,53530.73828125,47406.79296875,evaluation,2024-10-24T04:14:51.465237Z
RITL,2024-01-07,2024-01-07T00:00:00.000000Z,44420,0,53203.5513105953,44980.93359375,41783.1484375,50784.23828125,45404.9296875,evaluation,2024-10-24T04:14:51.465237Z
RITL,2024-01-08,2024-01-08T00:00:00.000000Z,64056,0,53357.4679341241,66047.9609375,61191.08984375,69280.859375,53404.2734375,evaluation,2024-10-24T04:14:51.465237Z
RITL,2024-01-09,2024-01-09T00:00:00.000000Z,61116,0,53199.8849687165,63330.6328125,59602.20703125,67727.21875,59893.8359375,evaluation,2024-10-24T04:14:51.465237Z
RITL,2024-01-10,2024-01-10T00:00:00.000000Z,62662,0,52941.7532993964,61869.015625,58233.75,66417.953125,58621.8515625,evaluation,2024-10-24T04:14:51.465237Z
RITL,2024-01-11,2024-01-11T00:00:00.000000Z,59287,0,52851.6086664718,54433.66015625,55434.10546875,64712.44140625,54570.5625,evaluation,2024-10-24T04:14:51.465237Z
RITL,2024-01-12,2024-01-12T00:00:00.000000Z,55942,0,52951.9347177053,52687.171875,51514.89453125,60384.08203125,47032.35546875,evaluation,2024-10-24T04:14:51.465237Z
RITL,2024-01-13,2024-01-13T00:00:00.000000Z,46590,0,53137.3097221594,45148.0546875,43248.75390625,53080.79296875,44584.86328125,evaluation,2024-10-24T04:14:51.465237Z
RITL,2024-01-14,2024-01-14T00:00:00.000000Z,45707,0,53325.089912835,46867.75,40409.4765625,50802.87890625,46039.078125,evaluation,2024-10-24T04:14:51.465237Z
RITL,2024-01-15,2024-01-15T00:00:00.000000Z,66056,0,53367.7611210187,68077.7578125,59042.6015625,69650.3828125,54100.015625,evaluation,2024-10-24T04:14:51.465237Z
RITL,2024-01-16,2024-01-16T00:00:00.000000Z,62665,0,53252.4411119546,62709.80078125,56691.21875,68057.859375,61503.66015625,evaluation,2024-10-24T04:14:51.465237Z
RITL,2024-01-17,2024-01-17T00:00:00.000000Z,61049,0,53131.20347444,63670.25,55544.44921875,67678.625,58712.66796875,evaluation,2024-10-24T04:14:51.465237Z
RITL,2024-01-18,2024-01-18T00:00:00.000000Z,58468,0,53117.2462777104,55037.1640625,52695.9765625,65234.515625,52366.31640625,evaluation,2024-10-24T04:14:51.465237Z
RITL,2024-01-19,2024-01-19T00:00:00.000000Z,53051,0,53196.8493436035,57177.2734375,47488.015625,60736.546875,48848.28125,evaluation,2024-10-24T04:14:51.465237Z
RITL,2024-01-20,2024-01-20T00:00:00.000000Z,46385,0,53330.668093942,45939.6328125,39906.14453125,53525.4453125,45599.1953125,evaluation,2024-10-24T04:14:51.465237Z
RITL,2024-01-21,2024-01-21T00:00:00.000000Z,45148,0,53435.3486131762,47281.16796875,37435.0234375,50864.16015625,45259.6953125,evaluation,2024-10-24T04:14:51.465237Z
RITL,2024-01-22,2024-01-22T00:00:00.000000Z,65421,0,53438.7282277012,68951.484375,55740.33984375,68895.3359375,54020.93359375,evaluation,2024-10-24T04:14:51.465237Z
RITL,2024-01-23,2024-01-23T00:00:00.000000Z,62071,0,53371.9818357923,65639.34375,54187.3046875,70251.6015625,61075.41796875,evaluation,2024-10-24T04:14:51.465237Z
RITL,2024-01-24,2024-01-24T00:00:00.000000Z,61874,0,53325.4244495665,65973.4765625,52608.765625,68431.484375,58970.80078125,evaluation,2024-10-24T04:14:51.465237Z
RITL,2024-01-25,2024-01-25T00:00:00.000000Z,58600,0,53337.9045432033,58793.984375,49031.453125,66443.046875,54685.6328125,evaluation,2024-10-24T04:14:51.465237Z
RITL,2024-01-26,2024-01-26T00:00:00.000000Z,54062,0,53406.8635454701,56819.76953125,44377.4296875,61263.21484375,48278.63671875,evaluation,2024-10-24T04:14:51.465237Z
RITL,2024-01-27,2024-01-27T00:00:00.000000Z,45821,0,53498.4281913605,46456.19140625,37124.75390625,54363.76171875,43598.078125,evaluation,2024-10-24T04:14:51.465237Z
RITL,2024-01-28,2024-01-28T00:00:00.000000Z,45013,0,53555.214505022,47114.9921875,34743.16015625,51671.21484375,45613.75390625,evaluation,2024-10-24T04:14:51.465237Z
RITL,2024-01-29,2024-01-29T00:00:00.000000Z,64650,0,53551.3285568137,68395.0703125,53023.2265625,71046.7109375,54251.796875,evaluation,2024-10-24T04:14:51.465237Z
RITL,2024-01-30,2024-01-30T00:00:00.000000Z,61290,0,53522.3295966746,64322.33203125,50761.10546875,69474.625,63690.12890625,evaluation,2024-10-24T04:14:51.465237Z
RITL,2024-01-31,2024-01-31T00:00:00.000000Z,59837,0,53511.0011040339,63159.984375,48934.33984375,67981.75,59324.06640625,evaluation,2024-10-24T04:14:51.465237Z
RITL,2024-02-01,2024-02-01T00:00:00.000000Z,59941,0,53536.1578509549,56530.19921875,46621.59375,66810.5390625,54601.68359375,evaluation,2024-10-24T04:14:51.465237Z
RITL,2024-02-02,2024-02-02T00:00:00.000000Z,56840,0,53593.581573124,56375.5234375,43606.3359375,62687.07421875,47989.23828125,evaluation,2024-10-24T04:14:51.465237Z
RITL,2024-02-03,2024-02-03T00:00:00.000000Z,46789,0,53655.3128138562,48170.23828125,36362.62890625,55853.28515625,43891.31640625,evaluation,2024-10-24T04:14:51.465237Z
RITL,2024-02-04,2024-02-04T00:00:00.000000Z,45852,0,53688.1230330981,48641.31640625,34498.50390625,52355.70703125,46206.76171875,evaluation,2024-10-24T04:14:51.465237Z
RITL,2024-02-05,2024-02-05T00:00:00.000000Z,66589,0,53689.7013189117,70376.4375,52933.890625,73495.9453125,54786.328125,evaluation,2024-10-24T04:14:51.465237Z
RITL,2024-02-06,2024-02-06T00:00:00.000000Z,62531,0,53683.0937039553,65125.48828125,51509.03125,71208.15625,61194.04296875,evaluation,2024-10-24T04:14:51.465237Z
RITL,2024-02-07,2024-02-07T00:00:00.000000Z,55879,0,53690.0809681577,64263.08203125,50109.4453125,69346.9375,59177.8203125,evaluation,2024-10-24T04:14:51.465237Z
RITL,2024-02-08,2024-02-08T00:00:00.000000Z,44126,1,47064.5848224913,58482.52734375,35639.42578125,55671.84375,55709.5390625,evaluation,2024-10-24T04:14:51.465237Z
RITL,2024-02-09,2024-02-09T00:00:00.000000Z,46958,1,47111.2325128651,55476.18359375,33934.453125,49830.37890625,48981.28515625,evaluation,2024-10-24T04:14:51.465237Z
RITL,2024-02-10,2024-02-10T00:00:00.000000Z,40493,1,47153.8161078996,48155.32421875,29338.4140625,43075.59375,44555.55859375,evaluation,2024-10-24T04:14:51.465237Z
RITL,2024-02-11,2024-02-11T00:00:00.000000Z,45129,0,53832.8360284442,50076.640625,37168.41015625,49005.68359375,47542.28125,evaluation,2024-10-24T04:14:51.465237Z
RITL,2024-02-12,2024-02-12T00:00:00.000000Z,62333,0,53841.0046482088,72923.703125,54184.7578125,71055.34375,54657.8515625,evaluation,2024-10-24T04:14:51.465237Z
RITL,2024-02-13,2024-02-13T00:00:00.000000Z,49670,0,53847.5077344117,68890.625,54390.73046875,70682.0546875,60980.53125,evaluation,2024-10-24T04:14:51.465237Z
RITL,2024-02-14,2024-02-14T00:00:00.000000Z,47077,1,47208.5784299525,64835.6875,40374.65234375,56902.3046875,59581.359375,evaluation,2024-10-24T04:14:51.465237Z
RITL,2024-02-15,2024-02-15T00:00:00.000000Z,66530,0,53894.826490439,58071.56640625,50475.18359375,64334.01171875,55010.53515625,evaluation,2024-10-24T04:14:51.465237Z
RITL,2024-02-16,2024-02-16T00:00:00.000000Z,61160,0,53932.5211906059,58140.94140625,45506.734375,58479.875,48750.53515625,evaluation,2024-10-24T04:14:51.465237Z
RITL,2024-02-17,2024-02-17T00:00:00.000000Z,52065,0,53964.5997696369,49577.3359375,38615.4453125,52083.62109375,44771.43359375,evaluation,2024-10-24T04:14:51.465237Z
RITL,2024-02-18,2024-02-18T00:00:00.000000Z,49386,0,53985.2972671294,48818.58203125,36546.6640625,50925.4453125,46925.66796875,evaluation,2024-10-24T04:14:51.465237Z
RITL,2024-02-19,2024-02-19T00:00:00.000000Z,70488,0,53998.6959615526,70251.546875,55796.3671875,72687.0546875,55833.359375,evaluation,2024-10-24T04:14:51.465237Z
RITL,2024-02-20,2024-02-20T00:00:00.000000Z,67794,0,54012.8300570952,67105.4296875,51898.41796875,69328.765625,61388.59765625,evaluation,2024-10-24T04:14:51.465237Z
RITL,2024-02-21,2024-02-21T00:00:00.000000Z,65029,0,54034.2706631455,61591.78515625,50431.12109375,67356.6484375,59732.17578125,evaluation,2024-10-24T04:14:51.465237Z
RITL,2024-02-22,2024-02-22T00:00:00.000000Z,63268,0,54063.7032509202,57095.6171875,47529.19140625,65140.1875,54925.5859375,evaluation,2024-10-24T04:14:51.465237Z
RITL,2024-02-23,2024-02-23T00:00:00.000000Z,59071,0,54095.2059428601,56335.97265625,43608.71875,60106.109375,48987.67578125,evaluation,2024-10-24T04:14:51.465237Z
RITL,2024-02-24,2024-02-24T00:00:00.000000Z,50479,0,54122.0241794699,47553.51953125,36494.9453125,52388.0078125,43959.77734375,evaluation,2024-10-24T04:14:51.465237Z
RITL,2024-02-25,2024-02-25T00:00:00.000000Z,47019,0,54142.3994704372,48480.86328125,34965.0078125,50297.23046875,46553.18359375,evaluation,2024-10-24T04:14:51.465237Z
RITL,2024-02-26,2024-02-26T00:00:00.000000Z,68533,0,54159.4377363006,69821.6640625,51837.67578125,71653.9453125,55339.984375,evaluation,2024-10-24T04:14:51.465237Z
RITL,2024-02-27,2024-02-27T00:00:00.000000Z,65470,0,54178.0588135273,67431.0390625,49370.43359375,68845.96875,61180.43359375,evaluation,2024-10-24T04:14:51.465237Z
RITL,2024-02-28,2024-02-28T00:00:00.000000Z,63206,0,54201.599248449,63070.75390625,48139.859375,67309.09375,61502.25,evaluation,2024-10-24T04:14:51.465237Z
RITL,2024-02-29,2024-02-29T00:00:00.000000Z,60678,0,54229.2247493731,58241.89453125,46194.125,63514.3046875,56016.87109375,evaluation,2024-10-24T04:14:51.465237Z
RITL,2024-03-01,2024-03-01T00:00:00.000000Z,58552,0,54256.897296786,56913.83984375,41544.125,61088.5859375,48904.2109375,evaluation,2024-10-24T04:14:51.465237Z
RITL,2024-03-02,2024-03-02T00:00:00.000000Z,50000,0,54281.2929154787,48309.53515625,35563.33203125,54207.3046875,45991.609375,evaluation,2024-10-24T04:14:51.465237Z
RITL,2024-03-03,2024-03-03T00:00:00.000000Z,49110,0,54302.120668798,48983.50390625,33946.86328125,53011.59765625,48193.7421875,evaluation,2024-10-24T04:14:51.465237Z
RITL,2024-03-04,2024-03-04T00:00:00.000000Z,69751,0,54321.626125994,72145.0546875,52445.37890625,74653.78125,53650.37109375,evaluation,2024-10-24T04:14:51.465237Z
RITL,2024-03-05,2024-03-05T00:00:00.000000Z,66571,0,54342.7591460462,68332.8203125,50660.7734375,70976.984375,62213.41015625,evaluation,2024-10-24T04:14:51.465237Z
RITL,2024-03-06,2024-03-06T00:00:00.000000Z,66607,0,54366.9468373312,66137.28125,49329.15625,68932.484375,59936.6796875,evaluation,2024-10-24T04:14:51.465237Z
RITL,2024-03-07,2024-03-07T00:00:00.000000Z,64199,0,54393.0078412753,58039.69140625,48026.5546875,66860.3984375,55582.1484375,evaluation,2024-10-24T04:14:51.465237Z
RITL,2024-03-08,2024-03-08T00:00:00.000000Z,58908,0,54418.4985570977,56489.33984375,43788.8828125,62826.21875,48732.34765625,evaluation,2024-10-24T04:14:51.465237Z
RITL,2024-03-09,2024-03-09T00:00:00.000000Z,48428,0,54441.8571939383,47125.16796875,37464.66015625,54880.44921875,47144.4921875,evaluation,2024-10-24T04:14:51.465237Z
RITL,2024-03-10,2024-03-10T00:00:00.000000Z,43329,0,54463.3081850492,47202.89453125,35443.54296875,53160,48172.203125,evaluation,2024-10-24T04:14:51.465237Z
RITL,2024-03-11,2024-03-11T00:00:00.000000Z,48101,1,47828.9278924217,69150.625,38927.3515625,63246.33203125,57683.6328125,evaluation,2024-10-24T04:14:51.465237Z
RITL,2024-03-12,2024-03-12T00:00:00.000000Z,57326,1,47851.3625359003,64408.9375,39676.8046875,58290.08984375,65205.23046875,evaluation,2024-10-24T04:14:51.465237Z
RITL,2024-03-13,2024-03-13T00:00:00.000000Z,66851,0,54531.0428047599,62788.515625,52072.28515625,67091.296875,60771.921875,evaluation,2024-10-24T04:14:51.465237Z
RITL,2024-03-14,2024-03-14T00:00:00.000000Z,65919,0,54555.985560012,58478.23046875,49937.640625,66101.8984375,54778.03515625,evaluation,2024-10-24T04:14:51.465237Z
RITL,2024-03-15,2024-03-15T00:00:00.000000Z,61701,0,54580.2915122203,57132.89453125,46116.69140625,62087.765625,50289.6484375,evaluation,2024-10-24T04:14:51.465237Z
RITL,2024-03-16,2024-03-16T00:00:00.000000Z,52675,0,54603.2714667797,47636.73828125,39727.09375,54649.75390625,45672.55859375,evaluation,2024-10-24T04:14:51.465237Z
RITL,2024-03-17,2024-03-17T00:00:00.000000Z,49847,0,54625.291825911,50019.08203125,36961.0625,53535.01171875,48245.90234375,evaluation,2024-10-24T04:14:51.465237Z
RITL,2024-03-18,2024-03-18T00:00:00.000000Z,67875,0,54647.3935052677,68105.7734375,51803.17578125,73569.9921875,56517.87890625,evaluation,2024-10-24T04:14:51.465237Z
RITL,2024-03-19,2024-03-19T00:00:00.000000Z,64783,0,54670.4317326679,66159.2890625,49337.48828125,70552.171875,64694.59375,evaluation,2024-10-24T04:14:51.465237Z
RITL,2024-03-20,2024-03-20T00:00:00.000000Z,64762,0,54694.4138815403,65661.78125,48681.359375,69234.234375,61066.99609375,evaluation,2024-10-24T04:14:51.465237Z
RITL,2024-03-21,2024-03-21T00:00:00.000000Z,62249,0,54718.6306325656,58655.734375,47437.9921875,67361.4921875,57182.7265625,evaluation,2024-10-24T04:14:51.465237Z
RITL,2024-03-22,2024-03-22T00:00:00.000000Z,58474,0,54742.3206728838,58249.78125,42858.90625,64485.52734375,49904.6640625,evaluation,2024-10-24T04:14:51.465237Z
RITL,2024-03-23,2024-03-23T00:00:00.000000Z,51548,0,54765.2199784028,49600.46875,36616.66796875,56629.86328125,45928.0859375,evaluation,2024-10-24T04:14:51.465237Z
RITL,2024-03-24,2024-03-24T00:00:00.000000Z,48940,0,54787.6843724073,49055.0234375,34629.4375,54069.78515625,48337.8203125,evaluation,2024-10-24T04:14:51.465237Z
RITL,2024-03-25,2024-03-25T00:00:00.000000Z,65647,0,54810.3581140008,70995.4765625,50269.4921875,74141.046875,55757.01953125,evaluation,2024-10-24T04:14:51.465237Z
RITL,2024-03-26,2024-03-26T00:00:00.000000Z,62881,0,54833.636235501,66791.765625,48134.6640625,71390.671875,62883.65234375,evaluation,2024-10-24T04:14:51.465237Z
RITL,2024-03-27,2024-03-27T00:00:00.000000Z,61361,0,54857.3917998403,65079.61328125,47599.54296875,69926.6953125,60946.53515625,evaluation,2024-10-24T04:14:51.465237Z
RITL,2024-03-28,2024-03-28T00:00:00.000000Z,55416,0,54881.164267077,57688.05859375,44711.06640625,67584.5390625,56758.609375,evaluation,2024-10-24T04:14:51.465237Z
RITL,2024-03-29,2024-03-29T00:00:00.000000Z,44542,1,48249.06053996,59748.3671875,29213.421875,51937.5546875,49626.01171875,evaluation,2024-10-24T04:14:51.465237Z
RITL,2024-03-30,2024-03-30T00:00:00.000000Z,47889,0,54927.4915075185,47871.37109375,36002.65234375,54741.71484375,46336.27734375,evaluation,2024-10-24T04:14:51.465237Z
RITL,2024-03-31,2024-03-31T00:00:00.000000Z,45278,1,48294.7756496611,48029.44140625,23144.44140625,42187.2265625,48870.95703125,evaluation,2024-10-24T04:14:51.465237Z
